user_id,age,gender,primary_platform,daily_usage_hours,anxiety_score,depression_score,loneliness_score,sleep_quality_score,sleep_hours,mental_wellbeing_score,addiction_level,age_group,sleep_hours_group,addiction_level_tier,loneliness_group
USR00001,30,Male,YouTube,2.9,2.5,3.8,1.7,8.5,5.3,7.3,Low,26-35,<6 jam,1,Tidak Kesepian
USR00002,19,Male,Instagram,4.8,4.0,3.2,7.0,7.8,5.5,4.1,Severe,18-25,<6 jam,4,Kesepian Sedang
USR00003,40,Male,YouTube,6.2,7.6,0.0,5.6,6.3,5.8,5.6,High,36-45,,3,Kesepian Sedang
USR00004,37,Female,Facebook,7.7,3.3,3.5,5.6,3.9,6.1,4.3,Severe,36-45,6-8 jam,4,Kesepian Sedang
USR00005,18,Non-binary,TikTok,4.6,6.5,0.0,4.0,5.7,5.0,6.6,Moderate,<18,<6 jam,2,Kesepian Ringan
USR00006,34,Male,YouTube,1.2,5.2,5.3,5.0,5.2,5.6,7.7,Low,26-35,<6 jam,1,Kesepian Ringan
USR00007,38,Female,Facebook,5.0,5.3,3.8,7.2,4.8,8.2,5.5,High,36-45,>8 jam,3,Kesepian Sedang
USR00008,22,Female,Twitter/X,3.4,3.4,6.1,3.1,3.8,10.0,6.2,Moderate,18-25,>8 jam,2,Kesepian Ringan
USR00009,43,Female,YouTube,9.2,3.9,2.8,3.8,3.2,5.7,3.4,Severe,36-45,<6 jam,4,Kesepian Ringan
USR00010,40,Male,Instagram,6.9,3.7,2.5,3.9,7.4,5.8,7.7,Low,36-45,<6 jam,1,Kesepian Ringan
USR00011,29,Male,Instagram,2.8,6.8,4.5,8.1,8.1,6.0,7.0,Low,26-35,<6 jam,1,Sangat Kesepian
USR00012,38,Female,TikTok,6.0,5.0,5.5,4.9,2.3,7.3,5.7,High,36-45,6-8 jam,3,Kesepian Ringan
USR00013,23,Female,YouTube,5.5,6.2,6.6,2.6,4.7,6.0,7.1,Moderate,18-25,<6 jam,2,Kesepian Ringan
USR00014,40,Male,Instagram,3.7,5.6,7.8,5.0,5.2,7.4,5.1,High,36-45,6-8 jam,3,Kesepian Ringan
USR00015,29,Male,Instagram,3.8,3.4,6.1,4.4,7.0,6.4,9.2,Low,26-35,6-8 jam,1,Kesepian Ringan
USR00016,25,Male,Snapchat,3.9,4.3,6.5,2.5,5.7,5.8,4.7,Severe,18-25,,4,Tidak Kesepian
USR00017,41,Non-binary,Instagram,2.4,10.0,0.4,3.7,5.4,5.3,6.6,Moderate,36-45,<6 jam,2,Kesepian Ringan
USR00018,23,Female,YouTube,5.1,7.9,9.7,4.1,3.4,7.7,6.0,High,18-25,6-8 jam,3,Kesepian Ringan
USR00019,22,Non-binary,Twitter/X,3.4,2.7,5.6,4.5,3.1,5.2,6.4,Moderate,18-25,<6 jam,2,Kesepian Ringan
USR00020,21,Female,Facebook,4.3,5.1,1.2,6.5,6.4,6.7,5.6,High,18-25,6-8 jam,3,Kesepian Sedang
USR00021,19,Female,Facebook,3.7,4.4,3.6,7.3,6.1,5.2,9.3,Low,18-25,<6 jam,1,Kesepian Sedang
USR00022,31,Female,Instagram,2.9,4.2,2.0,6.3,6.1,4.8,6.7,Low,26-35,<6 jam,1,Kesepian Sedang
USR00023,22,Male,Instagram,8.7,4.9,5.8,4.7,5.2,5.9,5.1,Severe,18-25,<6 jam,4,Kesepian Ringan
USR00024,27,Female,Snapchat,5.1,4.3,3.5,4.9,8.9,9.1,7.5,Low,26-35,>8 jam,1,Kesepian Ringan
USR00025,15,Male,TikTok,6.0,2.8,2.0,1.6,5.8,8.3,6.5,Moderate,<18,>8 jam,2,Tidak Kesepian
USR00026,26,Male,Instagram,10.4,4.7,6.2,3.2,3.7,5.1,5.8,High,26-35,<6 jam,3,Kesepian Ringan
USR00027,38,Female,YouTube,4.4,0.0,0.8,1.4,4.9,6.0,6.9,High,36-45,<6 jam,3,Tidak Kesepian
USR00028,41,Male,TikTok,3.0,5.2,3.1,4.9,6.3,7.6,8.5,Low,36-45,6-8 jam,1,Kesepian Ringan
USR00029,21,Non-binary,Instagram,0.8,5.5,3.7,5.1,7.7,6.7,4.6,Severe,18-25,6-8 jam,4,Kesepian Sedang
USR00030,34,Female,TikTok,1.4,8.4,4.2,5.4,6.0,6.9,7.6,Low,26-35,6-8 jam,1,Kesepian Sedang
USR00031,43,Male,Twitter/X,1.4,6.2,2.7,1.9,6.0,8.2,5.8,High,36-45,>8 jam,3,Tidak Kesepian
USR00032,27,Male,TikTok,1.5,5.8,3.8,4.0,4.6,7.5,5.6,High,26-35,6-8 jam,3,Kesepian Ringan
USR00033,20,Male,Facebook,0.5,7.1,2.3,5.6,5.9,8.6,5.8,Moderate,18-25,>8 jam,2,Kesepian Sedang
USR00034,39,Female,Instagram,4.6,0.6,3.3,3.4,7.1,5.3,5.8,High,36-45,<6 jam,3,Kesepian Ringan
USR00035,39,Female,Twitter/X,4.3,4.2,5.6,3.1,3.0,5.3,7.7,Low,36-45,<6 jam,1,Kesepian Ringan
USR00036,38,Male,Instagram,8.2,6.8,3.7,4.2,8.1,4.8,6.2,High,36-45,<6 jam,3,Kesepian Ringan
USR00037,36,Female,Snapchat,1.3,9.6,5.8,6.4,7.2,6.7,3.5,Severe,36-45,6-8 jam,4,Kesepian Sedang
USR00038,31,Non-binary,Instagram,6.7,4.0,3.5,5.8,3.8,7.9,5.4,Severe,26-35,6-8 jam,4,Kesepian Sedang
USR00039,42,Male,Instagram,0.5,5.0,2.0,5.2,5.4,6.6,7.7,Low,36-45,6-8 jam,1,Kesepian Sedang
USR00040,44,Non-binary,Instagram,7.3,8.4,5.4,5.6,6.6,4.2,4.3,Severe,36-45,<6 jam,4,Kesepian Sedang
USR00041,15,Female,Facebook,5.1,3.7,1.4,5.9,7.4,8.7,8.0,Low,<18,>8 jam,1,Kesepian Sedang
USR00042,17,Female,TikTok,2.4,3.1,2.3,7.1,8.1,7.5,6.6,Moderate,<18,6-8 jam,2,Kesepian Sedang
USR00043,39,Female,TikTok,7.2,3.2,3.2,1.2,6.8,6.4,6.6,Moderate,36-45,6-8 jam,2,Tidak Kesepian
USR00044,24,Male,Instagram,4.9,6.7,3.4,0.1,6.2,6.8,5.5,High,18-25,6-8 jam,3,Tidak Kesepian
USR00045,29,Female,TikTok,5.8,4.3,6.3,6.6,6.8,7.2,6.1,Moderate,26-35,6-8 jam,2,Kesepian Sedang
USR00046,21,Female,Facebook,4.6,4.5,4.2,5.9,1.0,4.5,6.9,Moderate,18-25,<6 jam,2,Kesepian Sedang
USR00047,19,Male,Twitter/X,7.0,3.1,3.9,4.3,10.0,5.0,8.2,Low,18-25,<6 jam,1,Kesepian Ringan
USR00048,29,Male,TikTok,5.5,1.7,1.2,3.6,3.3,5.3,7.1,Moderate,26-35,<6 jam,2,Kesepian Ringan
USR00049,24,Male,Instagram,4.1,5.9,3.8,4.6,6.7,6.5,6.7,Moderate,18-25,6-8 jam,2,Kesepian Ringan
USR00050,38,Male,Instagram,2.6,1.5,6.7,0.1,6.4,9.7,5.5,High,36-45,>8 jam,3,Tidak Kesepian
USR00051,18,Male,TikTok,2.7,0.4,6.7,1.6,6.0,8.0,6.6,Moderate,<18,6-8 jam,2,Tidak Kesepian
USR00052,18,Female,TikTok,6.2,5.3,0.0,5.8,7.7,6.7,6.6,Moderate,<18,6-8 jam,2,Kesepian Sedang
USR00053,23,Female,YouTube,5.8,8.3,10.0,4.9,7.6,3.3,3.0,Severe,18-25,<6 jam,4,Kesepian Ringan
USR00054,34,Female,YouTube,5.1,3.5,1.1,4.0,3.7,5.4,7.1,Moderate,26-35,<6 jam,2,Kesepian Ringan
USR00055,31,Male,Instagram,4.0,1.8,2.5,3.5,6.3,9.5,7.3,Moderate,26-35,>8 jam,2,Kesepian Ringan
USR00056,16,Male,TikTok,3.3,4.9,2.5,4.8,7.4,6.5,7.1,Moderate,<18,6-8 jam,2,Kesepian Ringan
USR00057,15,Female,Twitter/X,5.3,3.1,3.1,3.5,4.6,5.8,5.4,High,<18,<6 jam,3,Kesepian Ringan
USR00058,31,Female,Instagram,6.3,6.5,3.7,4.8,5.0,6.9,4.0,Severe,26-35,6-8 jam,4,Kesepian Ringan
USR00059,37,Male,TikTok,6.2,5.0,2.9,6.2,3.9,6.2,5.8,High,36-45,6-8 jam,3,Kesepian Sedang
USR00060,44,Male,Instagram,8.1,6.6,3.7,6.2,6.1,7.8,6.1,High,36-45,6-8 jam,3,Kesepian Sedang
USR00061,27,Female,Facebook,8.3,3.0,4.5,5.2,6.3,5.4,6.0,High,26-35,<6 jam,3,Kesepian Sedang
USR00062,43,Non-binary,TikTok,3.7,8.2,3.8,2.0,5.5,7.2,5.3,High,36-45,6-8 jam,3,Tidak Kesepian
USR00063,43,Male,Twitter/X,10.0,4.9,1.4,4.0,3.2,7.6,6.9,Moderate,36-45,6-8 jam,2,Kesepian Ringan
USR00064,22,Male,Twitter/X,7.8,5.3,7.5,2.3,3.6,7.8,7.4,Moderate,18-25,6-8 jam,2,Tidak Kesepian
USR00065,38,Female,Facebook,5.2,5.7,2.0,4.2,4.7,7.2,3.7,Severe,36-45,6-8 jam,4,Kesepian Ringan
USR00066,25,Male,Instagram,5.3,0.3,6.3,8.3,5.0,6.3,4.9,Severe,18-25,6-8 jam,4,Sangat Kesepian
USR00067,24,Female,Twitter/X,5.7,7.7,7.1,4.9,5.3,5.6,6.4,Moderate,18-25,<6 jam,2,Kesepian Ringan
USR00068,18,Non-binary,Twitter/X,3.4,4.8,3.0,7.0,4.1,6.1,6.0,Moderate,<18,6-8 jam,2,Kesepian Sedang
USR00069,15,Male,Instagram,3.1,3.4,6.3,5.7,6.2,7.5,7.7,Moderate,<18,6-8 jam,2,Kesepian Sedang
USR00070,44,Female,TikTok,4.6,6.6,6.6,3.1,9.6,9.4,6.6,Moderate,36-45,>8 jam,2,Kesepian Ringan
USR00071,22,Male,YouTube,3.7,6.0,2.0,3.5,5.5,5.9,5.1,Severe,18-25,<6 jam,4,Kesepian Ringan
USR00072,38,Female,YouTube,0.5,5.7,3.4,4.2,3.5,7.8,7.1,Moderate,36-45,6-8 jam,2,Kesepian Ringan
USR00073,43,Non-binary,Facebook,5.9,6.3,0.9,3.2,4.7,7.6,8.1,Low,36-45,6-8 jam,1,Kesepian Ringan
USR00074,38,Female,Instagram,0.5,7.2,8.2,6.2,6.6,6.2,6.6,Moderate,36-45,6-8 jam,2,Kesepian Sedang
USR00075,15,Male,YouTube,5.3,6.1,4.9,5.0,6.3,5.2,6.3,High,<18,<6 jam,3,Kesepian Ringan
USR00076,36,Male,YouTube,3.8,5.5,5.1,4.6,5.7,7.9,4.1,Severe,36-45,6-8 jam,4,Kesepian Ringan
USR00077,19,Female,YouTube,3.2,4.9,3.7,3.1,5.9,5.1,6.1,Moderate,18-25,<6 jam,2,Kesepian Ringan
USR00078,18,Female,Twitter/X,6.2,8.1,1.0,4.8,4.6,5.0,5.2,High,<18,<6 jam,3,Kesepian Ringan
USR00079,16,Female,TikTok,2.8,6.4,2.4,7.0,3.2,7.3,6.2,High,<18,6-8 jam,3,Kesepian Sedang
USR00080,18,Female,YouTube,2.4,6.3,3.8,2.7,7.3,4.2,8.4,Low,<18,<6 jam,1,Kesepian Ringan
USR00081,42,Female,TikTok,5.2,4.1,8.7,3.1,4.7,6.1,6.1,High,36-45,6-8 jam,3,Kesepian Ringan
USR00082,42,Male,TikTok,5.0,9.0,3.8,3.0,6.8,6.4,4.4,Severe,36-45,6-8 jam,4,Kesepian Ringan
USR00083,16,Non-binary,Instagram,3.0,2.5,3.1,1.6,3.3,3.0,6.9,Moderate,<18,<6 jam,2,Tidak Kesepian
USR00084,34,Female,YouTube,2.9,5.8,2.9,3.4,7.9,5.5,7.5,Low,26-35,<6 jam,1,Kesepian Ringan
USR00085,42,Male,Facebook,2.9,2.9,1.5,6.1,3.2,6.4,5.6,High,36-45,6-8 jam,3,Kesepian Sedang
USR00086,19,Female,Instagram,5.2,5.6,1.7,0.6,4.3,7.1,6.6,Moderate,18-25,6-8 jam,2,Tidak Kesepian
USR00087,34,Male,Facebook,5.5,3.8,5.7,2.4,8.4,6.4,10.0,Low,26-35,6-8 jam,1,Tidak Kesepian
USR00088,16,Male,Instagram,6.3,7.4,7.4,3.4,3.4,8.4,4.4,Severe,<18,>8 jam,4,Kesepian Ringan
USR00089,42,Male,Snapchat,4.3,7.0,5.0,1.2,6.1,7.4,4.3,Severe,36-45,6-8 jam,4,Tidak Kesepian
USR00090,40,Female,TikTok,2.6,7.7,5.1,4.0,8.0,6.3,8.8,Low,36-45,6-8 jam,1,Kesepian Ringan
USR00091,20,Male,TikTok,6.1,2.8,3.3,6.9,1.7,5.9,4.7,Severe,18-25,<6 jam,4,Kesepian Sedang
USR00092,24,Female,Facebook,10.2,4.8,6.4,1.8,5.5,6.2,5.0,High,18-25,6-8 jam,3,Tidak Kesepian
USR00093,44,Male,Instagram,8.0,6.5,4.3,3.5,8.9,5.1,5.6,Moderate,36-45,<6 jam,2,Kesepian Ringan
USR00094,32,Female,Instagram,2.3,4.1,6.6,1.2,8.7,7.3,5.3,High,26-35,6-8 jam,3,Tidak Kesepian
USR00095,17,Male,Facebook,6.2,5.9,5.8,7.1,3.9,5.8,8.0,Low,<18,<6 jam,1,Kesepian Sedang
USR00096,34,Female,Instagram,4.3,8.2,0.3,6.9,5.1,6.2,4.8,Severe,26-35,6-8 jam,4,Kesepian Sedang
USR00097,33,Non-binary,TikTok,4.3,8.0,3.7,4.3,5.8,3.9,4.5,Severe,26-35,<6 jam,4,Kesepian Ringan
USR00098,33,Male,Facebook,3.9,7.3,3.8,6.0,4.1,9.3,7.0,Moderate,26-35,>8 jam,2,Kesepian Sedang
USR00099,36,Male,Instagram,2.7,6.9,0.9,3.4,2.8,8.2,6.8,Moderate,36-45,>8 jam,2,Kesepian Ringan
USR00100,38,Female,Twitter/X,1.2,5.8,7.6,5.8,4.7,4.3,7.6,Low,36-45,<6 jam,1,Kesepian Sedang
USR00101,18,Female,Snapchat,5.5,5.5,7.8,3.6,5.6,6.0,7.4,Moderate,<18,<6 jam,2,Kesepian Ringan
USR00102,26,Male,Instagram,2.3,10.0,5.0,6.3,5.3,6.8,8.0,Low,26-35,6-8 jam,1,Kesepian Sedang
USR00103,41,Female,TikTok,3.3,1.0,1.4,4.4,3.0,6.1,6.8,Moderate,36-45,6-8 jam,2,Kesepian Ringan
USR00104,30,Female,Instagram,3.7,3.8,2.1,6.0,2.5,6.1,6.5,High,26-35,6-8 jam,3,Kesepian Sedang
USR00105,31,Female,Facebook,4.7,5.7,0.1,6.3,3.2,5.2,4.3,Severe,26-35,<6 jam,4,Kesepian Sedang
USR00106,27,Male,Facebook,3.6,5.1,4.3,8.8,3.8,7.1,5.9,High,26-35,6-8 jam,3,Sangat Kesepian
USR00107,44,Female,Twitter/X,4.2,4.8,3.9,1.7,4.6,8.3,8.8,Low,36-45,>8 jam,1,Tidak Kesepian
USR00108,26,Female,Instagram,3.6,7.6,2.0,5.4,6.3,6.5,6.2,Moderate,26-35,6-8 jam,2,Kesepian Sedang
USR00109,24,Male,YouTube,5.1,4.6,4.1,3.9,7.9,8.5,7.6,Low,18-25,>8 jam,1,Kesepian Ringan
USR00110,24,Male,YouTube,5.3,4.2,5.5,2.8,7.2,9.1,7.3,Moderate,18-25,>8 jam,2,Kesepian Ringan
USR00111,27,Female,TikTok,7.7,5.8,3.2,6.1,2.4,5.7,7.2,High,26-35,<6 jam,3,Kesepian Sedang
USR00112,18,Female,TikTok,5.8,0.5,5.3,3.9,6.4,5.9,7.7,Low,<18,<6 jam,1,Kesepian Ringan
USR00113,29,Female,Instagram,3.3,1.4,2.8,4.3,3.0,6.6,6.9,Low,26-35,6-8 jam,1,Kesepian Ringan
USR00114,29,Female,Instagram,5.8,2.3,6.0,4.4,4.9,7.7,4.4,Severe,26-35,6-8 jam,4,Kesepian Ringan
USR00115,43,Male,Instagram,6.5,5.5,4.9,0.3,5.0,7.4,6.0,Moderate,36-45,6-8 jam,2,Tidak Kesepian
USR00116,35,Male,Twitter/X,3.3,6.7,8.5,3.3,3.7,5.3,7.8,Low,26-35,<6 jam,1,Kesepian Ringan
USR00117,36,Female,Facebook,3.3,5.8,3.0,2.4,6.5,8.0,7.9,Low,36-45,6-8 jam,1,Tidak Kesepian
USR00118,43,Female,Instagram,0.5,5.8,3.4,3.3,6.2,8.2,6.7,Moderate,36-45,>8 jam,2,Kesepian Ringan
USR00119,30,Male,Twitter/X,7.8,6.5,4.9,4.3,5.0,8.7,6.6,Moderate,26-35,>8 jam,2,Kesepian Ringan
USR00120,42,Non-binary,Instagram,4.9,7.0,3.7,5.2,7.5,6.8,4.3,Severe,36-45,6-8 jam,4,Kesepian Sedang
USR00121,18,Female,Instagram,7.5,6.1,8.7,5.0,5.1,5.8,7.1,Low,<18,<6 jam,1,Kesepian Ringan
USR00122,31,Male,TikTok,1.2,5.6,3.2,1.1,4.6,4.9,8.1,Low,26-35,<6 jam,1,Tidak Kesepian
USR00123,19,Female,Twitter/X,0.5,6.5,4.7,8.0,6.9,6.4,8.0,Low,18-25,6-8 jam,1,Sangat Kesepian
USR00124,26,Male,Instagram,5.2,4.0,5.8,1.4,5.6,4.7,6.3,Moderate,26-35,<6 jam,2,Tidak Kesepian
USR00125,23,Male,Instagram,2.7,6.1,5.1,5.8,6.2,5.8,6.2,Moderate,18-25,<6 jam,2,Kesepian Sedang
USR00126,41,Female,Facebook,4.9,4.9,4.8,4.7,5.3,7.8,8.2,Low,36-45,6-8 jam,1,Kesepian Ringan
USR00127,41,Female,Instagram,2.9,8.5,4.4,6.7,4.5,7.0,5.2,High,36-45,6-8 jam,3,Kesepian Sedang
USR00128,37,Male,Facebook,6.3,6.5,3.4,6.1,6.2,6.5,6.1,Moderate,36-45,6-8 jam,2,Kesepian Sedang
USR00129,26,Male,Facebook,3.8,7.3,0.0,4.6,6.3,6.4,8.4,Low,26-35,6-8 jam,1,Kesepian Ringan
USR00130,30,Female,YouTube,4.2,9.6,3.3,3.0,2.1,6.7,8.1,Low,26-35,6-8 jam,1,Kesepian Ringan
USR00131,38,Male,TikTok,5.6,9.8,5.4,3.0,10.0,7.4,5.8,High,36-45,,3,Kesepian Ringan
USR00132,28,Male,YouTube,3.6,10.0,5.2,4.8,5.9,8.0,6.8,Moderate,26-35,6-8 jam,2,Kesepian Ringan
USR00133,33,Male,Twitter/X,5.4,8.0,3.7,2.7,9.3,6.6,7.5,Low,26-35,6-8 jam,1,Kesepian Ringan
USR00134,22,Female,Instagram,7.3,3.7,3.6,2.4,5.5,6.6,6.6,High,18-25,6-8 jam,3,Tidak Kesepian
USR00135,18,Male,Instagram,4.4,6.3,6.5,2.9,7.8,6.0,7.4,Low,<18,<6 jam,1,Kesepian Ringan
USR00136,44,Male,TikTok,5.1,2.9,10.0,2.9,5.2,8.3,6.6,Moderate,36-45,>8 jam,2,Kesepian Ringan
USR00137,27,Female,YouTube,5.7,2.8,3.6,3.5,6.9,7.3,7.4,Moderate,26-35,6-8 jam,2,Kesepian Ringan
USR00138,27,Female,Snapchat,4.8,4.8,5.9,4.1,5.5,6.5,4.1,Severe,26-35,6-8 jam,4,Kesepian Ringan
USR00139,30,Male,Facebook,5.7,9.1,6.7,4.7,6.6,5.0,6.6,Moderate,26-35,<6 jam,2,Kesepian Ringan
USR00140,44,Male,YouTube,8.7,7.2,7.5,5.0,4.0,7.9,5.8,High,36-45,6-8 jam,3,Kesepian Ringan
USR00141,23,Female,Facebook,6.9,3.9,5.7,6.2,3.8,5.4,6.0,Moderate,18-25,<6 jam,2,Kesepian Sedang
USR00142,37,Non-binary,TikTok,1.5,7.7,6.7,4.1,7.5,6.8,6.1,Moderate,36-45,6-8 jam,2,Kesepian Ringan
USR00143,21,Male,Facebook,0.5,5.8,6.2,4.7,8.0,5.8,6.4,Moderate,18-25,<6 jam,2,Kesepian Ringan
USR00144,36,Female,Twitter/X,2.7,4.8,3.7,5.7,6.4,8.6,6.6,Moderate,36-45,>8 jam,2,Kesepian Sedang
USR00145,21,Male,TikTok,0.5,7.9,5.2,3.1,7.5,4.2,5.7,High,18-25,<6 jam,3,Kesepian Ringan
USR00146,36,Female,YouTube,0.5,4.7,4.9,0.8,3.8,6.3,7.6,Low,36-45,6-8 jam,1,Tidak Kesepian
USR00147,27,Female,TikTok,2.3,0.9,6.7,4.3,2.0,6.4,6.3,Moderate,26-35,6-8 jam,2,Kesepian Ringan
USR00148,42,Male,TikTok,2.5,3.3,0.2,5.8,3.5,7.2,7.8,Low,36-45,6-8 jam,1,Kesepian Sedang
USR00149,22,Female,Snapchat,5.0,3.6,2.5,5.7,3.8,8.6,5.5,Moderate,18-25,>8 jam,2,Kesepian Sedang
USR00150,32,Female,Twitter/X,5.6,5.6,5.5,2.5,5.5,7.0,7.4,Moderate,26-35,,2,Tidak Kesepian
USR00151,25,Male,YouTube,9.3,5.7,1.7,2.0,6.7,5.5,5.8,High,18-25,<6 jam,3,Tidak Kesepian
USR00152,30,Male,Facebook,3.0,2.2,4.4,0.0,5.5,7.0,7.9,Low,26-35,6-8 jam,1,
USR00153,20,Non-binary,Snapchat,3.2,0.0,5.4,5.7,7.2,4.7,5.3,High,18-25,<6 jam,3,Kesepian Sedang
USR00154,19,Female,Instagram,5.0,6.9,3.2,6.3,5.4,5.6,6.9,Moderate,18-25,<6 jam,2,Kesepian Sedang
USR00155,35,Female,Instagram,6.9,1.3,4.2,2.9,1.8,5.8,7.3,Moderate,26-35,,2,Kesepian Ringan
USR00156,24,Female,Snapchat,4.0,4.5,4.4,4.0,2.9,5.9,7.9,Moderate,18-25,<6 jam,2,Kesepian Ringan
USR00157,24,Male,Instagram,2.6,4.4,6.8,8.1,7.6,6.5,7.4,Low,18-25,6-8 jam,1,Sangat Kesepian
USR00158,44,Male,TikTok,0.5,4.8,8.7,6.6,4.6,4.0,5.8,High,36-45,<6 jam,3,Kesepian Sedang
USR00159,41,Non-binary,YouTube,6.4,6.0,7.9,3.9,3.2,4.9,6.8,Moderate,36-45,<6 jam,2,Kesepian Ringan
USR00160,15,Male,Instagram,4.0,3.5,4.8,4.7,7.7,4.8,6.0,High,<18,<6 jam,3,Kesepian Ringan
USR00161,43,Non-binary,Snapchat,7.9,4.9,6.3,6.7,4.8,5.9,7.7,Low,36-45,<6 jam,1,Kesepian Sedang
USR00162,37,Female,TikTok,8.5,5.2,4.9,7.7,7.4,6.3,6.1,High,36-45,6-8 jam,3,Sangat Kesepian
USR00163,17,Female,YouTube,8.7,5.4,1.9,2.3,7.8,6.0,7.3,Moderate,<18,<6 jam,2,Tidak Kesepian
USR00164,27,Male,Facebook,5.6,7.8,3.3,4.8,6.7,7.2,5.6,High,26-35,6-8 jam,3,Kesepian Ringan
USR00165,21,Male,TikTok,6.5,6.6,1.2,5.0,3.1,8.1,3.2,Severe,18-25,>8 jam,4,Kesepian Ringan
USR00166,23,Male,Twitter/X,1.6,5.6,5.4,5.2,3.9,6.4,7.2,Low,18-25,6-8 jam,1,Kesepian Sedang
USR00167,17,Female,Snapchat,5.5,7.1,5.8,4.9,9.2,6.2,7.7,Low,<18,,1,Kesepian Ringan
USR00168,42,Male,Twitter/X,3.8,7.2,4.1,3.9,0.0,6.0,8.4,Low,36-45,<6 jam,1,Kesepian Ringan
USR00169,25,Female,YouTube,6.8,5.8,6.6,3.8,5.8,5.4,5.2,Severe,18-25,<6 jam,4,Kesepian Ringan
USR00170,29,Male,Twitter/X,3.4,2.1,0.2,2.3,9.7,6.0,8.5,Low,26-35,<6 jam,1,Tidak Kesepian
USR00171,35,Female,Instagram,4.0,6.3,1.2,5.5,8.4,7.6,7.5,Moderate,26-35,6-8 jam,2,Kesepian Sedang
USR00172,32,Female,Snapchat,2.7,2.8,7.9,4.9,4.7,6.8,5.9,High,26-35,6-8 jam,3,Kesepian Ringan
USR00173,44,Female,YouTube,8.5,5.3,5.1,5.3,7.0,6.8,5.9,Severe,36-45,6-8 jam,4,Kesepian Sedang
USR00174,21,Male,Instagram,4.8,3.7,5.0,3.1,0.2,4.6,6.0,Moderate,18-25,<6 jam,2,Kesepian Ringan
USR00175,25,Male,TikTok,2.4,5.2,5.5,5.1,4.1,4.7,6.2,Moderate,18-25,<6 jam,2,Kesepian Sedang
USR00176,32,Male,YouTube,3.7,5.3,3.5,4.8,7.1,6.5,7.5,Low,26-35,6-8 jam,1,Kesepian Ringan
USR00177,20,Male,Instagram,1.7,3.8,1.6,6.0,6.2,6.7,7.4,Moderate,18-25,6-8 jam,2,Kesepian Sedang
USR00178,30,Female,Instagram,7.2,2.2,2.0,3.8,5.3,7.9,5.4,High,26-35,6-8 jam,3,Kesepian Ringan
USR00179,32,Female,YouTube,7.2,10.0,6.1,3.2,7.0,6.9,5.5,High,26-35,6-8 jam,3,Kesepian Ringan
USR00180,37,Female,Snapchat,4.9,7.9,6.0,3.6,4.3,8.7,8.0,Low,36-45,>8 jam,1,Kesepian Ringan
USR00181,27,Male,TikTok,5.2,6.0,5.2,4.1,3.5,6.4,5.1,High,26-35,,3,Kesepian Ringan
USR00182,24,Male,Twitter/X,1.4,4.0,4.5,6.4,3.9,4.1,7.0,Moderate,18-25,<6 jam,2,Kesepian Sedang
USR00183,23,Non-binary,Instagram,7.9,7.2,6.2,2.8,2.5,6.2,4.4,Severe,18-25,6-8 jam,4,Kesepian Ringan
USR00184,43,Non-binary,Facebook,4.4,6.0,9.5,5.5,3.2,8.2,7.8,Moderate,36-45,>8 jam,2,Kesepian Sedang
USR00185,37,Male,Snapchat,9.0,5.9,8.3,6.0,4.0,5.8,4.3,Severe,36-45,<6 jam,4,Kesepian Sedang
USR00186,30,Female,YouTube,3.3,6.6,6.0,5.2,5.1,6.1,6.1,Moderate,26-35,6-8 jam,2,Kesepian Sedang
USR00187,20,Female,TikTok,5.6,5.9,6.0,6.5,0.8,6.1,6.0,High,18-25,6-8 jam,3,Kesepian Sedang
USR00188,24,Male,Instagram,6.4,7.6,3.4,3.6,6.6,7.5,6.9,Moderate,18-25,6-8 jam,2,Kesepian Ringan
USR00189,38,Female,Facebook,6.3,9.4,4.8,4.7,5.4,7.0,6.7,Moderate,36-45,6-8 jam,2,Kesepian Ringan
USR00190,36,Male,TikTok,4.3,0.1,1.4,3.7,4.1,6.7,6.5,Moderate,36-45,6-8 jam,2,Kesepian Ringan
USR00191,19,Male,Facebook,6.9,1.5,2.4,1.0,3.9,6.1,5.2,Moderate,18-25,6-8 jam,2,Tidak Kesepian
USR00192,42,Male,Instagram,5.4,6.8,2.4,3.1,7.3,5.8,6.9,Moderate,36-45,<6 jam,2,Kesepian Ringan
USR00193,27,Female,TikTok,4.6,5.6,7.1,3.5,4.1,7.2,1.5,Severe,26-35,6-8 jam,4,Kesepian Ringan
USR00194,24,Male,Twitter/X,2.3,1.1,6.0,0.7,8.6,5.3,7.8,Low,18-25,<6 jam,1,Tidak Kesepian
USR00195,26,Female,Instagram,7.3,2.7,5.0,5.7,6.6,6.6,5.9,Moderate,26-35,6-8 jam,2,Kesepian Sedang
USR00196,21,Male,Instagram,4.6,4.1,4.8,2.6,4.7,7.0,7.8,Low,18-25,6-8 jam,1,Kesepian Ringan
USR00197,39,Non-binary,TikTok,5.6,6.8,4.5,0.6,6.9,5.4,7.6,Moderate,36-45,<6 jam,2,Tidak Kesepian
USR00198,16,Female,Twitter/X,4.4,4.7,3.6,1.8,6.9,8.2,6.0,Moderate,<18,>8 jam,2,Tidak Kesepian
USR00199,36,Female,TikTok,5.3,1.4,2.8,7.9,4.2,6.2,6.2,Moderate,36-45,6-8 jam,2,Sangat Kesepian
USR00200,36,Male,YouTube,3.7,7.3,3.1,5.5,6.2,10.0,7.5,Low,36-45,>8 jam,1,Kesepian Sedang
USR00201,26,Male,YouTube,10.1,7.5,7.4,5.1,2.6,5.5,3.5,Severe,26-35,<6 jam,4,Kesepian Sedang
USR00202,43,Female,Instagram,8.5,6.8,4.5,5.4,7.8,6.7,7.7,Low,36-45,6-8 jam,1,Kesepian Sedang
USR00203,39,Male,Instagram,6.0,6.8,5.8,5.5,7.2,4.0,3.7,Severe,36-45,<6 jam,4,Kesepian Sedang
USR00204,34,Female,TikTok,5.1,4.0,9.1,6.2,2.7,7.4,8.0,Low,26-35,6-8 jam,1,Kesepian Sedang
USR00205,38,Male,Instagram,6.0,4.6,0.8,4.1,5.3,6.6,5.4,High,36-45,6-8 jam,3,Kesepian Ringan
USR00206,38,Male,YouTube,2.7,2.3,4.6,4.9,8.5,6.5,7.7,Low,36-45,6-8 jam,1,Kesepian Ringan
USR00207,40,Male,TikTok,5.8,4.5,3.4,0.4,6.6,4.1,5.0,Severe,36-45,<6 jam,4,Tidak Kesepian
USR00208,27,Female,YouTube,4.3,4.7,5.3,4.8,6.2,7.4,5.6,High,26-35,6-8 jam,3,Kesepian Ringan
USR00209,27,Male,Twitter/X,3.6,3.0,4.7,5.6,6.7,6.8,6.5,Moderate,26-35,6-8 jam,2,Kesepian Sedang
USR00210,28,Male,Twitter/X,3.0,5.2,3.5,5.2,6.1,6.2,4.4,Severe,26-35,6-8 jam,4,Kesepian Sedang
USR00211,19,Female,Facebook,3.1,8.3,2.3,6.0,4.7,7.1,6.1,Moderate,18-25,6-8 jam,2,Kesepian Sedang
USR00212,22,Male,YouTube,5.6,3.9,2.7,6.5,2.7,6.9,5.4,High,18-25,6-8 jam,3,Kesepian Sedang
USR00213,36,Non-binary,TikTok,4.6,5.0,3.8,2.3,2.6,6.4,4.6,Severe,36-45,6-8 jam,4,Tidak Kesepian
USR00214,41,Female,Instagram,2.8,5.6,5.0,5.6,3.5,8.2,7.7,Moderate,36-45,>8 jam,2,Kesepian Sedang
USR00215,24,Male,TikTok,5.4,0.2,3.5,6.6,2.1,7.6,4.8,Severe,18-25,6-8 jam,4,Kesepian Sedang
USR00216,21,Female,Twitter/X,4.8,2.7,4.0,3.7,4.7,3.7,8.1,Low,18-25,<6 jam,1,Kesepian Ringan
USR00217,30,Male,Snapchat,4.3,4.5,6.5,3.2,6.3,5.7,6.3,Moderate,26-35,<6 jam,2,Kesepian Ringan
USR00218,26,Male,Instagram,7.7,0.3,7.1,3.6,8.4,7.1,7.6,Low,26-35,6-8 jam,1,Kesepian Ringan
USR00219,42,Male,Instagram,4.0,6.4,3.8,8.7,3.7,6.8,7.8,Low,36-45,6-8 jam,1,Sangat Kesepian
USR00220,33,Male,Instagram,1.6,2.5,5.1,5.0,7.6,6.4,5.4,Severe,26-35,6-8 jam,4,Kesepian Ringan
USR00221,43,Female,Instagram,4.8,5.8,5.1,2.7,3.6,5.4,6.7,Moderate,36-45,<6 jam,2,Kesepian Ringan
USR00222,31,Non-binary,Instagram,2.4,3.1,1.8,5.5,6.1,7.7,7.5,Low,26-35,6-8 jam,1,Kesepian Sedang
USR00223,20,Female,TikTok,6.3,3.4,3.3,6.7,8.1,4.6,7.0,Moderate,18-25,<6 jam,2,Kesepian Sedang
USR00224,18,Male,TikTok,5.8,3.8,4.8,2.7,3.0,6.7,6.9,Moderate,<18,6-8 jam,2,Kesepian Ringan
USR00225,28,Male,Snapchat,3.8,2.3,8.2,9.0,8.3,6.7,8.8,Low,26-35,6-8 jam,1,Sangat Kesepian
USR00226,15,Female,Instagram,5.6,9.2,2.9,8.0,4.5,8.6,5.5,High,<18,>8 jam,3,Sangat Kesepian
USR00227,36,Female,Facebook,3.6,0.2,5.3,4.9,8.3,5.4,8.1,Low,36-45,<6 jam,1,Kesepian Ringan
USR00228,38,Male,YouTube,3.5,4.7,4.0,4.0,4.4,7.7,5.6,High,36-45,6-8 jam,3,Kesepian Ringan
USR00229,16,Female,Instagram,0.7,3.7,5.1,5.1,6.4,7.2,7.0,Moderate,<18,6-8 jam,2,Kesepian Sedang
USR00230,28,Non-binary,Twitter/X,0.5,7.0,4.3,6.3,6.1,5.9,7.0,Moderate,26-35,<6 jam,2,Kesepian Sedang
USR00231,23,Male,Snapchat,3.6,7.5,5.0,8.5,4.9,6.6,5.4,Severe,18-25,6-8 jam,4,Sangat Kesepian
USR00232,35,Male,Instagram,8.3,7.0,3.1,3.1,6.3,5.1,6.3,High,26-35,<6 jam,3,Kesepian Ringan
USR00233,42,Female,Snapchat,1.9,6.4,7.0,2.6,2.3,7.0,6.3,Moderate,36-45,6-8 jam,2,Kesepian Ringan
USR00234,29,Male,Instagram,4.3,6.1,2.1,3.9,7.2,6.0,7.5,Low,26-35,<6 jam,1,Kesepian Ringan
USR00235,28,Male,Instagram,3.1,3.1,6.3,3.3,2.9,6.4,5.2,High,26-35,6-8 jam,3,Kesepian Ringan
USR00236,24,Male,TikTok,5.6,6.1,5.9,6.3,5.0,6.2,5.2,Severe,18-25,6-8 jam,4,Kesepian Sedang
USR00237,25,Female,Instagram,2.7,0.0,6.2,7.2,5.8,6.6,8.0,Low,18-25,6-8 jam,1,Kesepian Sedang
USR00238,15,Male,Instagram,4.3,9.9,4.2,1.2,4.3,8.4,8.1,Low,<18,>8 jam,1,Tidak Kesepian
USR00239,17,Male,YouTube,5.4,7.4,4.7,2.8,3.8,8.1,6.0,Moderate,<18,>8 jam,2,Kesepian Ringan
USR00240,31,Female,Facebook,3.4,4.9,3.4,4.3,2.9,6.4,6.2,Moderate,26-35,6-8 jam,2,Kesepian Ringan
USR00241,38,Female,Instagram,4.2,3.9,1.3,4.7,3.8,6.1,4.1,Severe,36-45,6-8 jam,4,Kesepian Ringan
USR00242,21,Female,Facebook,4.0,5.7,4.0,3.3,3.4,7.2,7.3,Low,18-25,6-8 jam,1,Kesepian Ringan
USR00243,33,Male,Snapchat,5.6,5.0,5.0,5.2,5.0,6.2,4.0,Severe,26-35,6-8 jam,4,Kesepian Sedang
USR00244,24,Non-binary,TikTok,5.8,5.2,7.4,7.0,6.6,6.4,3.5,Severe,18-25,6-8 jam,4,Kesepian Sedang
USR00245,24,Male,Twitter/X,6.1,2.0,4.5,6.2,7.6,3.9,5.6,High,18-25,<6 jam,3,Kesepian Sedang
USR00246,28,Female,Instagram,5.4,8.6,2.4,0.0,8.3,8.3,7.6,Moderate,26-35,>8 jam,2,
USR00247,36,Male,Instagram,2.4,4.0,0.2,6.5,6.4,3.9,6.0,High,36-45,<6 jam,3,Kesepian Sedang
USR00248,26,Female,Twitter/X,3.6,2.6,3.8,5.9,8.3,7.9,7.7,Low,26-35,6-8 jam,1,Kesepian Sedang
USR00249,16,Male,Instagram,5.6,5.4,0.0,3.1,5.7,7.9,4.3,Severe,<18,6-8 jam,4,Kesepian Ringan
USR00250,29,Male,Twitter/X,4.6,6.9,2.5,6.2,5.2,9.3,5.4,Severe,26-35,>8 jam,4,Kesepian Sedang
USR00251,31,Non-binary,Snapchat,6.4,8.5,2.2,3.7,8.9,5.1,5.6,High,26-35,<6 jam,3,Kesepian Ringan
USR00252,31,Male,Instagram,1.8,9.1,6.8,2.1,5.4,5.4,6.0,High,26-35,<6 jam,3,Tidak Kesepian
USR00253,40,Female,Twitter/X,2.6,5.5,9.3,9.7,2.6,7.6,5.9,High,36-45,6-8 jam,3,Sangat Kesepian
USR00254,32,Non-binary,Instagram,2.7,5.5,7.6,6.6,10.0,3.9,6.3,Moderate,26-35,<6 jam,2,Kesepian Sedang
USR00255,29,Male,Instagram,5.1,7.1,6.4,3.8,6.3,6.2,3.8,Severe,26-35,6-8 jam,4,Kesepian Ringan
USR00256,16,Male,TikTok,3.1,5.7,4.1,6.7,3.8,7.3,5.7,Severe,<18,6-8 jam,4,Kesepian Sedang
USR00257,36,Female,YouTube,2.6,4.6,5.4,3.8,5.5,8.7,4.6,Severe,36-45,>8 jam,4,Kesepian Ringan
USR00258,34,Male,Twitter/X,5.2,3.9,5.5,4.2,6.3,7.5,4.7,Severe,26-35,6-8 jam,4,Kesepian Ringan
USR00259,33,Male,Instagram,3.6,3.4,8.1,6.9,5.2,4.5,5.6,Severe,26-35,<6 jam,4,Kesepian Sedang
USR00260,15,Female,Instagram,2.2,6.4,7.6,3.5,3.5,3.2,5.4,Severe,<18,<6 jam,4,Kesepian Ringan
USR00261,28,Male,TikTok,5.4,3.4,7.1,4.3,6.3,6.0,7.2,Moderate,26-35,<6 jam,2,Kesepian Ringan
USR00262,41,Male,Facebook,4.3,4.4,7.7,2.5,8.0,7.2,9.0,Low,36-45,6-8 jam,1,Tidak Kesepian
USR00263,25,Male,TikTok,5.5,6.2,5.0,6.4,2.9,6.5,4.3,Severe,18-25,6-8 jam,4,Kesepian Sedang
USR00264,35,Female,Instagram,5.7,4.5,4.1,6.7,7.5,7.0,5.9,Moderate,26-35,6-8 jam,2,Kesepian Sedang
USR00265,41,Female,YouTube,3.2,8.3,2.8,2.8,6.4,8.6,7.0,Moderate,36-45,>8 jam,2,Kesepian Ringan
USR00266,42,Female,YouTube,3.9,5.1,2.3,5.0,6.0,6.0,7.5,Low,36-45,<6 jam,1,Kesepian Ringan
USR00267,43,Male,TikTok,4.2,6.0,3.3,5.1,8.1,7.1,6.1,High,36-45,6-8 jam,3,Kesepian Sedang
USR00268,23,Female,Snapchat,5.9,5.7,5.6,4.0,7.5,4.7,6.7,Moderate,18-25,<6 jam,2,Kesepian Ringan
USR00269,38,Male,Snapchat,4.4,1.6,4.9,5.6,4.7,6.0,6.9,Moderate,36-45,<6 jam,2,Kesepian Sedang
USR00270,16,Female,Instagram,6.7,5.5,6.0,3.8,10.0,5.1,6.4,Moderate,<18,<6 jam,2,Kesepian Ringan
USR00271,19,Male,Facebook,3.3,1.3,5.8,5.5,3.5,6.2,7.2,Low,18-25,6-8 jam,1,Kesepian Sedang
USR00272,40,Non-binary,YouTube,4.5,2.4,10.0,1.7,3.6,8.5,6.3,Moderate,36-45,>8 jam,2,Tidak Kesepian
USR00273,27,Female,Twitter/X,7.2,2.7,7.0,4.6,7.2,3.7,7.1,Moderate,26-35,<6 jam,2,Kesepian Ringan
USR00274,34,Female,Instagram,1.5,4.9,2.4,5.0,1.2,6.8,8.0,Low,26-35,6-8 jam,1,Kesepian Ringan
USR00275,37,Male,Facebook,1.8,7.1,1.7,3.7,5.9,5.6,8.2,Low,36-45,<6 jam,1,Kesepian Ringan
USR00276,25,Female,Snapchat,5.9,4.3,4.0,1.8,7.0,5.8,6.8,Moderate,18-25,,2,Tidak Kesepian
USR00277,43,Female,YouTube,6.1,7.6,3.4,5.2,6.2,6.0,7.8,Moderate,36-45,<6 jam,2,Kesepian Sedang
USR00278,22,Female,Instagram,6.5,8.6,6.2,4.3,8.1,5.5,5.9,High,18-25,<6 jam,3,Kesepian Ringan
USR00279,32,Female,YouTube,6.3,6.6,5.0,4.3,7.8,6.8,4.6,Severe,26-35,6-8 jam,4,Kesepian Ringan
USR00280,30,Male,Facebook,6.7,6.7,5.5,3.3,5.4,7.5,8.6,Low,26-35,6-8 jam,1,Kesepian Ringan
USR00281,15,Male,Facebook,3.4,2.7,3.8,5.1,6.2,7.9,6.1,Moderate,<18,6-8 jam,2,Kesepian Sedang
USR00282,33,Female,YouTube,4.5,2.6,7.3,3.3,5.8,7.6,7.9,Low,26-35,6-8 jam,1,Kesepian Ringan
USR00283,22,Male,Instagram,5.7,3.0,7.9,3.0,5.4,6.6,6.0,High,18-25,6-8 jam,3,Kesepian Ringan
USR00284,27,Non-binary,Instagram,1.9,6.0,2.2,6.4,9.7,6.2,5.0,High,26-35,6-8 jam,3,Kesepian Sedang
USR00285,31,Female,YouTube,1.8,4.8,6.1,4.8,1.7,6.6,4.2,Severe,26-35,6-8 jam,4,Kesepian Ringan
USR00286,15,Male,Instagram,3.2,7.6,6.0,3.1,4.4,7.8,6.9,Moderate,<18,6-8 jam,2,Kesepian Ringan
USR00287,27,Non-binary,TikTok,6.6,6.3,0.0,5.7,1.0,7.4,4.6,Severe,26-35,6-8 jam,4,Kesepian Sedang
USR00288,24,Male,Snapchat,6.1,3.0,6.0,0.0,4.0,5.7,6.6,Moderate,18-25,<6 jam,2,
USR00289,29,Female,YouTube,1.7,4.7,2.0,4.7,7.1,7.2,6.5,Moderate,26-35,6-8 jam,2,Kesepian Ringan
USR00290,39,Female,TikTok,3.3,7.9,2.5,7.2,4.6,6.3,6.8,High,36-45,6-8 jam,3,Kesepian Sedang
USR00291,17,Female,Instagram,3.3,2.9,5.0,3.6,2.1,8.3,6.2,Moderate,<18,>8 jam,2,Kesepian Ringan
USR00292,31,Male,Twitter/X,4.6,3.4,9.8,4.4,9.0,8.2,6.9,Moderate,26-35,>8 jam,2,Kesepian Ringan
USR00293,26,Female,Instagram,4.9,6.1,4.0,5.2,1.6,4.9,6.7,High,26-35,<6 jam,3,Kesepian Sedang
USR00294,20,Female,Instagram,4.5,4.6,4.4,4.6,6.9,7.1,7.8,Low,18-25,6-8 jam,1,Kesepian Ringan
USR00295,36,Male,YouTube,2.5,3.4,6.5,3.1,3.8,4.2,6.6,Moderate,36-45,<6 jam,2,Kesepian Ringan
USR00296,31,Male,Instagram,6.8,2.7,3.8,8.7,9.1,6.1,6.1,Moderate,26-35,6-8 jam,2,Sangat Kesepian
USR00297,24,Non-binary,Instagram,6.6,7.5,5.9,2.7,6.5,5.4,6.1,Moderate,18-25,<6 jam,2,Kesepian Ringan
USR00298,26,Non-binary,Facebook,2.3,6.7,5.3,8.5,5.9,7.2,6.8,Moderate,26-35,6-8 jam,2,Sangat Kesepian
USR00299,25,Female,YouTube,4.1,3.5,4.3,4.5,3.8,3.0,7.2,Low,18-25,<6 jam,1,Kesepian Ringan
USR00300,15,Male,Instagram,6.7,4.9,4.3,10.0,5.8,7.6,5.7,High,<18,6-8 jam,3,Sangat Kesepian
USR00301,23,Non-binary,Twitter/X,5.2,4.0,0.4,5.4,8.3,6.4,7.9,Low,18-25,,1,Kesepian Sedang
USR00302,19,Male,Facebook,5.4,3.1,4.9,7.0,9.0,5.1,4.7,Severe,18-25,<6 jam,4,Kesepian Sedang
USR00303,20,Male,Instagram,3.5,0.0,2.8,6.5,10.0,7.3,6.8,High,18-25,6-8 jam,3,Kesepian Sedang
USR00304,43,Female,YouTube,7.5,3.1,4.2,5.7,4.6,5.0,5.3,High,36-45,<6 jam,3,Kesepian Sedang
USR00305,26,Female,TikTok,2.2,6.6,6.3,5.0,3.9,5.5,6.2,High,26-35,<6 jam,3,Kesepian Ringan
USR00306,44,Male,TikTok,6.4,0.1,5.3,0.2,7.3,7.0,7.0,Low,36-45,6-8 jam,1,Tidak Kesepian
USR00307,32,Male,YouTube,4.6,7.3,7.0,5.9,10.0,5.4,5.9,Moderate,26-35,<6 jam,2,Kesepian Sedang
USR00308,44,Male,Instagram,2.9,1.2,9.4,3.1,3.5,5.4,8.6,Low,36-45,<6 jam,1,Kesepian Ringan
USR00309,29,Male,Instagram,7.3,4.2,5.3,4.4,1.8,7.2,6.8,Moderate,26-35,6-8 jam,2,Kesepian Ringan
USR00310,25,Male,Instagram,6.2,4.0,5.3,3.6,3.2,7.7,6.3,High,18-25,6-8 jam,3,Kesepian Ringan
USR00311,35,Male,YouTube,5.5,7.0,0.0,4.3,5.0,4.5,6.4,Moderate,26-35,<6 jam,2,Kesepian Ringan
USR00312,31,Male,Twitter/X,4.8,6.6,6.2,3.0,3.0,6.4,7.2,Low,26-35,6-8 jam,1,Kesepian Ringan
USR00313,22,Male,YouTube,7.5,5.6,4.2,4.8,5.2,6.7,4.5,Severe,18-25,6-8 jam,4,Kesepian Ringan
USR00314,43,Male,YouTube,3.6,2.9,1.5,3.1,4.7,7.5,7.2,Low,36-45,6-8 jam,1,Kesepian Ringan
USR00315,30,Female,YouTube,3.5,4.5,3.1,5.2,4.8,7.9,6.6,Moderate,26-35,6-8 jam,2,Kesepian Sedang
USR00316,41,Male,Snapchat,0.5,4.7,4.7,7.2,4.5,6.8,7.8,Low,36-45,6-8 jam,1,Kesepian Sedang
USR00317,33,Male,YouTube,1.0,3.8,2.1,6.4,2.6,9.3,7.1,High,26-35,>8 jam,3,Kesepian Sedang
USR00318,31,Female,Instagram,3.7,3.6,6.1,7.7,3.7,7.8,8.2,Low,26-35,6-8 jam,1,Sangat Kesepian
USR00319,29,Female,Twitter/X,4.2,4.6,3.8,3.4,4.6,8.4,8.3,Low,26-35,>8 jam,1,Kesepian Ringan
USR00320,30,Male,TikTok,5.7,6.8,5.4,3.8,8.1,5.0,8.8,Low,26-35,<6 jam,1,Kesepian Ringan
USR00321,28,Male,Facebook,6.3,6.3,4.4,2.9,6.4,7.8,7.0,Low,26-35,6-8 jam,1,Kesepian Ringan
USR00322,34,Female,Instagram,8.6,5.7,5.0,5.8,3.3,4.3,8.0,Low,26-35,<6 jam,1,Kesepian Sedang
USR00323,24,Female,Twitter/X,6.0,4.3,5.2,5.5,6.5,4.7,8.5,Low,18-25,<6 jam,1,Kesepian Sedang
USR00324,28,Non-binary,TikTok,10.6,3.7,2.3,5.2,7.3,5.2,5.9,High,26-35,<6 jam,3,Kesepian Sedang
USR00325,39,Female,Facebook,6.1,4.5,5.9,4.3,4.7,7.7,7.7,Low,36-45,6-8 jam,1,Kesepian Ringan
USR00326,18,Female,Instagram,7.3,4.1,6.4,0.9,6.2,6.8,4.6,Severe,<18,6-8 jam,4,Tidak Kesepian
USR00327,22,Male,Twitter/X,2.8,4.8,4.4,0.0,7.6,7.9,8.0,Low,18-25,6-8 jam,1,
USR00328,32,Male,Instagram,5.5,4.1,3.9,3.5,8.6,6.6,8.3,Low,26-35,6-8 jam,1,Kesepian Ringan
USR00329,25,Male,Twitter/X,6.5,3.6,3.8,0.0,2.5,7.3,6.9,Low,18-25,6-8 jam,1,
USR00330,15,Female,TikTok,6.5,10.0,4.6,8.3,4.8,7.8,6.7,Moderate,<18,6-8 jam,2,Sangat Kesepian
USR00331,16,Female,TikTok,3.6,4.5,1.2,2.7,3.5,6.8,6.2,Moderate,<18,6-8 jam,2,Kesepian Ringan
USR00332,26,Male,YouTube,4.4,0.0,3.9,1.9,8.2,7.0,8.3,Moderate,26-35,6-8 jam,2,Tidak Kesepian
USR00333,42,Male,YouTube,4.8,3.7,1.8,3.8,4.4,4.8,8.4,Low,36-45,<6 jam,1,Kesepian Ringan
USR00334,19,Male,Instagram,5.2,3.8,5.9,5.3,4.8,5.8,6.2,Moderate,18-25,<6 jam,2,Kesepian Sedang
USR00335,21,Female,YouTube,2.3,7.7,3.1,0.9,5.9,8.4,6.4,Moderate,18-25,>8 jam,2,Tidak Kesepian
USR00336,44,Male,TikTok,6.6,7.2,5.2,4.5,7.0,5.4,7.1,Moderate,36-45,<6 jam,2,Kesepian Ringan
USR00337,42,Male,TikTok,5.1,6.7,6.1,5.9,6.4,10.0,8.6,Low,36-45,>8 jam,1,Kesepian Sedang
USR00338,32,Male,Instagram,5.4,3.4,1.9,1.6,4.2,4.9,5.4,Severe,26-35,<6 jam,4,Tidak Kesepian
USR00339,44,Male,Snapchat,5.8,5.4,3.3,4.9,4.4,6.4,6.3,Moderate,36-45,,2,Kesepian Ringan
USR00340,29,Female,Twitter/X,5.5,5.0,5.0,1.7,4.7,8.0,7.5,Low,26-35,6-8 jam,1,Tidak Kesepian
USR00341,27,Female,Instagram,6.2,4.6,7.6,6.6,7.5,5.6,4.6,Severe,26-35,<6 jam,4,Kesepian Sedang
USR00342,26,Female,Facebook,4.7,0.0,4.9,2.8,8.1,6.4,7.1,Moderate,26-35,6-8 jam,2,Kesepian Ringan
USR00343,27,Non-binary,Snapchat,1.1,2.7,5.1,3.8,4.6,7.8,8.2,Low,26-35,6-8 jam,1,Kesepian Ringan
USR00344,31,Female,YouTube,7.2,6.7,4.3,3.0,2.2,7.7,5.4,High,26-35,6-8 jam,3,Kesepian Ringan
USR00345,32,Male,TikTok,3.0,3.9,3.5,0.8,6.6,7.1,7.4,Low,26-35,6-8 jam,1,Tidak Kesepian
USR00346,41,Male,Twitter/X,6.5,2.4,6.6,8.8,5.8,6.2,4.8,Severe,36-45,6-8 jam,4,Sangat Kesepian
USR00347,41,Male,YouTube,5.7,5.2,3.2,5.4,0.7,7.2,4.9,Severe,36-45,6-8 jam,4,Kesepian Sedang
USR00348,15,Male,TikTok,5.3,8.5,3.3,7.1,1.9,5.3,5.1,Severe,<18,<6 jam,4,Kesepian Sedang
USR00349,43,Female,Instagram,4.9,5.1,4.7,6.0,3.9,7.1,5.7,Severe,36-45,6-8 jam,4,Kesepian Sedang
USR00350,26,Female,YouTube,5.1,6.3,1.1,1.6,2.5,3.8,6.3,High,26-35,<6 jam,3,Tidak Kesepian
USR00351,16,Male,Snapchat,4.9,4.6,4.6,8.0,4.0,8.7,5.7,High,<18,>8 jam,3,Sangat Kesepian
USR00352,23,Non-binary,Facebook,4.6,4.7,5.6,3.4,6.3,4.8,8.1,Low,18-25,<6 jam,1,Kesepian Ringan
USR00353,35,Female,TikTok,4.3,5.5,4.4,5.3,4.9,7.4,5.1,Severe,26-35,6-8 jam,4,Kesepian Sedang
USR00354,16,Male,Instagram,5.1,7.2,3.2,4.7,6.1,7.2,8.8,Low,<18,6-8 jam,1,Kesepian Ringan
USR00355,30,Female,Facebook,5.8,3.5,7.9,5.1,2.0,8.8,5.2,High,26-35,>8 jam,3,Kesepian Sedang
USR00356,37,Female,YouTube,3.6,3.8,10.0,1.2,5.0,7.3,5.3,High,36-45,6-8 jam,3,Tidak Kesepian
USR00357,39,Female,Instagram,5.0,8.9,5.4,0.1,5.5,8.7,7.5,Moderate,36-45,>8 jam,2,Tidak Kesepian
USR00358,36,Non-binary,TikTok,1.7,9.1,6.0,3.1,3.0,7.3,4.9,High,36-45,6-8 jam,3,Kesepian Ringan
USR00359,17,Non-binary,Facebook,2.8,5.8,8.8,7.2,5.7,4.5,7.0,Moderate,<18,<6 jam,2,Kesepian Sedang
USR00360,27,Male,Instagram,0.9,5.7,3.7,5.4,6.5,7.0,6.6,Moderate,26-35,6-8 jam,2,Kesepian Sedang
USR00361,19,Male,TikTok,4.0,3.9,2.4,3.7,4.7,7.6,6.8,Low,18-25,6-8 jam,1,Kesepian Ringan
USR00362,27,Male,Instagram,5.3,2.8,4.4,2.2,5.8,6.9,6.4,Moderate,26-35,,2,Tidak Kesepian
USR00363,38,Male,Facebook,6.0,2.1,6.6,2.3,6.0,6.2,8.0,Low,36-45,6-8 jam,1,Tidak Kesepian
USR00364,35,Male,Instagram,1.7,5.1,2.9,3.6,6.3,8.3,6.9,Moderate,26-35,>8 jam,2,Kesepian Ringan
USR00365,26,Male,Snapchat,6.2,4.8,2.8,3.9,8.5,5.8,5.5,Severe,26-35,<6 jam,4,Kesepian Ringan
USR00366,32,Female,YouTube,2.4,6.8,5.7,3.8,6.8,6.0,4.3,Severe,26-35,<6 jam,4,Kesepian Ringan
USR00367,33,Male,TikTok,3.7,5.1,0.9,6.0,4.1,7.7,4.1,Severe,26-35,6-8 jam,4,Kesepian Sedang
USR00368,39,Male,TikTok,3.5,6.8,4.7,3.7,5.8,7.8,6.4,Moderate,36-45,6-8 jam,2,Kesepian Ringan
USR00369,36,Female,Twitter/X,7.8,0.4,2.8,7.2,6.7,7.1,8.1,Low,36-45,6-8 jam,1,Kesepian Sedang
USR00370,33,Female,YouTube,4.9,8.1,6.5,6.0,7.0,4.9,5.1,High,26-35,<6 jam,3,Kesepian Sedang
USR00371,40,Male,TikTok,8.9,9.9,4.0,5.7,7.4,9.4,5.0,Severe,36-45,>8 jam,4,Kesepian Sedang
USR00372,37,Female,YouTube,6.6,9.7,5.6,4.4,6.5,5.4,6.5,Moderate,36-45,<6 jam,2,Kesepian Ringan
USR00373,33,Male,YouTube,4.0,4.4,6.4,4.4,5.1,8.3,6.7,Moderate,26-35,>8 jam,2,Kesepian Ringan
USR00374,20,Male,TikTok,5.4,4.1,0.8,4.2,5.8,7.4,7.2,Low,18-25,6-8 jam,1,Kesepian Ringan
USR00375,22,Female,Facebook,7.4,2.4,4.7,2.1,6.0,8.6,6.6,Moderate,18-25,,2,Tidak Kesepian
USR00376,38,Male,Twitter/X,2.7,2.0,5.3,2.5,3.3,9.8,6.8,Moderate,36-45,>8 jam,2,Tidak Kesepian
USR00377,20,Female,TikTok,3.5,5.7,5.4,2.9,6.1,5.7,6.1,High,18-25,<6 jam,3,Kesepian Ringan
USR00378,20,Non-binary,YouTube,4.4,6.1,4.9,3.2,7.1,5.0,6.7,High,18-25,<6 jam,3,Kesepian Ringan
USR00379,21,Female,YouTube,3.9,1.4,6.0,2.9,7.6,6.7,6.2,Moderate,18-25,6-8 jam,2,Kesepian Ringan
USR00380,44,Non-binary,Facebook,4.0,1.3,2.6,4.6,1.3,7.4,6.5,Moderate,36-45,6-8 jam,2,Kesepian Ringan
USR00381,31,Male,TikTok,8.1,6.4,4.6,0.5,1.7,6.1,5.9,High,26-35,6-8 jam,3,Tidak Kesepian
USR00382,25,Male,TikTok,4.8,5.3,5.0,4.4,6.4,7.8,6.9,Moderate,18-25,6-8 jam,2,Kesepian Ringan
USR00383,37,Non-binary,YouTube,3.9,5.8,4.5,3.5,8.2,6.4,5.8,High,36-45,6-8 jam,3,Kesepian Ringan
USR00384,29,Female,TikTok,3.7,4.7,6.4,7.1,7.6,4.6,5.2,High,26-35,<6 jam,3,Kesepian Sedang
USR00385,19,Female,Snapchat,1.7,2.5,5.8,3.8,6.7,6.0,9.1,Low,18-25,,1,Kesepian Ringan
USR00386,29,Female,YouTube,6.2,4.2,0.0,4.2,5.4,7.5,4.8,Severe,26-35,6-8 jam,4,Kesepian Ringan
USR00387,21,Male,TikTok,3.2,5.9,0.9,4.5,8.8,7.9,6.3,Moderate,18-25,6-8 jam,2,Kesepian Ringan
USR00388,28,Male,Snapchat,12.0,7.5,5.1,3.3,3.0,7.6,3.7,Severe,26-35,6-8 jam,4,Kesepian Ringan
USR00389,17,Male,YouTube,5.5,1.0,6.2,6.8,3.8,7.8,4.7,Severe,<18,6-8 jam,4,Kesepian Sedang
USR00390,27,Non-binary,Facebook,3.3,5.5,8.2,4.9,9.1,6.0,6.9,Moderate,26-35,<6 jam,2,Kesepian Ringan
USR00391,37,Male,Instagram,2.0,3.0,8.0,3.1,2.7,7.9,6.8,Moderate,36-45,6-8 jam,2,Kesepian Ringan
USR00392,39,Non-binary,Instagram,3.5,4.4,5.5,2.9,6.1,6.1,6.3,Moderate,36-45,6-8 jam,2,Kesepian Ringan
USR00393,44,Male,YouTube,5.4,4.5,6.1,4.6,7.3,4.7,9.2,Low,36-45,<6 jam,1,Kesepian Ringan
USR00394,42,Female,Instagram,3.3,6.7,5.0,5.0,7.4,5.0,6.6,Moderate,36-45,<6 jam,2,Kesepian Ringan
USR00395,42,Female,Facebook,5.8,6.4,4.0,6.3,3.1,6.7,6.9,Low,36-45,6-8 jam,1,Kesepian Sedang
USR00396,38,Male,TikTok,6.0,3.9,4.3,5.4,8.0,6.8,7.4,Low,36-45,6-8 jam,1,Kesepian Sedang
USR00397,31,Female,Snapchat,5.7,6.1,5.1,2.8,4.0,3.7,7.3,Moderate,26-35,<6 jam,2,Kesepian Ringan
USR00398,29,Female,YouTube,5.6,0.9,5.0,4.3,8.8,7.3,6.8,Low,26-35,6-8 jam,1,Kesepian Ringan
USR00399,43,Female,Instagram,4.4,3.4,4.7,4.9,3.5,6.0,5.4,High,36-45,<6 jam,3,Kesepian Ringan
USR00400,20,Female,TikTok,3.1,5.4,3.7,7.2,6.5,7.6,6.0,Moderate,18-25,6-8 jam,2,Kesepian Sedang
USR00401,23,Female,YouTube,1.9,4.8,7.3,5.3,2.0,6.5,7.2,Moderate,18-25,6-8 jam,2,Kesepian Sedang
USR00402,44,Female,TikTok,1.1,6.5,7.0,2.4,2.9,4.6,7.4,Low,36-45,<6 jam,1,Tidak Kesepian
USR00403,24,Male,Instagram,3.6,4.0,3.9,2.3,3.8,4.7,6.2,High,18-25,<6 jam,3,Tidak Kesepian
USR00404,27,Non-binary,Facebook,5.9,2.4,3.3,1.2,7.7,7.1,7.1,Moderate,26-35,6-8 jam,2,Tidak Kesepian
USR00405,38,Female,TikTok,4.5,7.5,3.2,6.5,6.3,6.4,6.8,Moderate,36-45,6-8 jam,2,Kesepian Sedang
USR00406,22,Male,YouTube,2.3,7.7,3.0,4.6,6.7,6.1,7.6,Low,18-25,6-8 jam,1,Kesepian Ringan
USR00407,29,Non-binary,YouTube,6.4,4.5,1.1,5.2,4.2,8.2,6.2,High,26-35,>8 jam,3,Kesepian Sedang
USR00408,21,Male,TikTok,2.5,5.4,3.2,10.0,4.7,8.4,3.6,Severe,18-25,>8 jam,4,Sangat Kesepian
USR00409,17,Female,Twitter/X,2.1,6.0,3.0,5.6,7.0,8.0,7.9,Low,<18,6-8 jam,1,Kesepian Sedang
USR00410,20,Female,Instagram,2.5,10.0,4.0,1.8,6.5,8.7,7.8,Low,18-25,>8 jam,1,Tidak Kesepian
USR00411,37,Female,Facebook,3.1,7.2,6.4,7.0,8.2,5.3,7.8,Low,36-45,<6 jam,1,Kesepian Sedang
USR00412,32,Male,YouTube,4.3,3.4,7.8,4.7,7.3,6.2,8.2,Low,26-35,6-8 jam,1,Kesepian Ringan
USR00413,29,Male,Instagram,1.9,8.3,4.0,6.6,5.1,7.7,7.0,Moderate,26-35,6-8 jam,2,Kesepian Sedang
USR00414,24,Female,Twitter/X,1.1,5.2,3.5,6.4,3.4,7.1,6.3,High,18-25,6-8 jam,3,Kesepian Sedang
USR00415,18,Male,TikTok,5.4,6.3,3.7,0.0,2.8,5.3,6.5,High,<18,<6 jam,3,
USR00416,30,Female,Facebook,5.0,6.8,1.8,4.5,7.8,5.9,8.2,Low,26-35,<6 jam,1,Kesepian Ringan
USR00417,35,Male,TikTok,5.5,4.5,0.0,7.1,6.4,6.9,3.5,Severe,26-35,6-8 jam,4,Kesepian Sedang
USR00418,15,Female,Twitter/X,6.1,6.8,3.9,4.6,10.0,5.9,6.2,Moderate,<18,<6 jam,2,Kesepian Ringan
USR00419,18,Female,Instagram,4.6,1.6,3.8,2.2,6.1,8.5,5.2,Severe,<18,>8 jam,4,Tidak Kesepian
USR00420,36,Female,YouTube,8.2,5.4,7.9,4.6,3.1,7.4,8.0,Low,36-45,6-8 jam,1,Kesepian Ringan
USR00421,21,Female,Instagram,4.1,6.6,5.9,3.5,5.2,6.1,7.4,Low,18-25,6-8 jam,1,Kesepian Ringan
USR00422,35,Female,Facebook,4.4,9.0,9.8,5.0,3.9,6.1,6.8,Moderate,26-35,6-8 jam,2,Kesepian Ringan
USR00423,15,Female,TikTok,7.2,4.8,6.7,1.4,2.6,8.3,4.9,Moderate,<18,>8 jam,2,Tidak Kesepian
USR00424,35,Female,Twitter/X,5.3,6.7,2.8,4.6,6.9,8.1,5.6,High,26-35,>8 jam,3,Kesepian Ringan
USR00425,16,Male,Twitter/X,4.2,4.7,7.4,6.7,5.7,5.2,6.7,Low,<18,<6 jam,1,Kesepian Sedang
USR00426,36,Female,Instagram,4.5,7.2,2.6,4.6,4.1,7.0,7.4,Moderate,36-45,6-8 jam,2,Kesepian Ringan
USR00427,17,Female,TikTok,2.0,3.1,3.8,0.9,5.2,8.0,6.2,High,<18,6-8 jam,3,Tidak Kesepian
USR00428,26,Female,Snapchat,5.9,3.3,7.6,6.1,4.1,5.0,8.2,Moderate,26-35,<6 jam,2,Kesepian Sedang
USR00429,30,Male,TikTok,4.0,5.9,6.9,0.0,7.9,6.4,9.6,Low,26-35,6-8 jam,1,
USR00430,26,Male,Instagram,5.4,6.4,4.8,6.0,4.6,3.0,4.8,High,26-35,<6 jam,3,Kesepian Sedang
USR00431,19,Non-binary,Facebook,7.2,7.4,0.0,2.6,4.0,8.0,5.5,High,18-25,6-8 jam,3,Kesepian Ringan
USR00432,23,Female,Instagram,6.1,5.0,2.6,2.9,4.5,6.6,6.0,High,18-25,6-8 jam,3,Kesepian Ringan
USR00433,28,Male,Twitter/X,5.0,1.9,3.2,3.0,4.4,5.3,9.0,Low,26-35,<6 jam,1,Kesepian Ringan
USR00434,26,Female,Instagram,5.3,7.6,6.2,3.0,5.5,6.8,7.2,Low,26-35,6-8 jam,1,Kesepian Ringan
USR00435,44,Female,YouTube,4.8,4.0,6.0,4.0,4.7,4.5,6.5,Low,36-45,<6 jam,1,Kesepian Ringan
USR00436,22,Female,TikTok,8.0,7.5,4.9,4.5,5.8,6.3,4.0,Severe,18-25,6-8 jam,4,Kesepian Ringan
USR00437,36,Female,Twitter/X,0.6,7.9,2.2,5.0,5.0,5.7,6.1,Moderate,36-45,<6 jam,2,Kesepian Ringan
USR00438,22,Male,Instagram,3.6,5.0,0.0,2.3,6.1,5.4,6.6,Moderate,18-25,<6 jam,2,Tidak Kesepian
USR00439,36,Male,Snapchat,4.5,5.6,5.0,3.4,8.4,5.1,8.2,Low,36-45,<6 jam,1,Kesepian Ringan
USR00440,34,Male,Instagram,5.4,4.4,1.3,7.9,7.5,6.1,6.6,Moderate,26-35,6-8 jam,2,Sangat Kesepian
USR00441,22,Male,YouTube,4.1,7.9,3.9,10.0,4.0,6.8,7.4,Low,18-25,6-8 jam,1,Sangat Kesepian
USR00442,37,Male,TikTok,4.7,6.0,6.5,4.6,6.0,5.0,7.5,Low,36-45,<6 jam,1,Kesepian Ringan
USR00443,28,Female,Snapchat,8.5,3.0,1.1,1.2,5.4,3.4,6.6,Moderate,26-35,<6 jam,2,Tidak Kesepian
USR00444,33,Female,Twitter/X,5.1,10.0,5.5,5.1,5.0,7.6,7.9,Low,26-35,6-8 jam,1,Kesepian Sedang
USR00445,18,Female,TikTok,6.3,3.6,5.3,6.4,4.7,5.0,6.3,Moderate,<18,<6 jam,2,Kesepian Sedang
USR00446,32,Non-binary,TikTok,3.7,5.5,6.6,3.4,5.2,6.8,8.4,Low,26-35,6-8 jam,1,Kesepian Ringan
USR00447,16,Male,TikTok,3.1,3.5,8.8,5.3,7.1,6.8,7.3,Low,<18,6-8 jam,1,Kesepian Sedang
USR00448,23,Male,Instagram,2.4,7.3,6.5,4.8,6.6,7.3,7.4,Low,18-25,6-8 jam,1,Kesepian Ringan
USR00449,35,Female,TikTok,7.5,6.8,6.9,3.9,6.0,4.7,7.7,Low,26-35,<6 jam,1,Kesepian Ringan
USR00450,30,Female,Instagram,2.2,2.0,2.4,4.3,4.9,6.9,8.1,Low,26-35,6-8 jam,1,Kesepian Ringan
USR00451,25,Male,Instagram,3.5,6.8,8.1,7.0,3.4,4.8,8.4,Low,18-25,<6 jam,1,Kesepian Sedang
USR00452,33,Non-binary,Twitter/X,9.3,8.7,3.9,2.6,2.0,6.1,4.6,Severe,26-35,6-8 jam,4,Kesepian Ringan
USR00453,42,Female,Instagram,5.3,4.3,3.9,4.5,6.3,8.5,4.6,Severe,36-45,>8 jam,4,Kesepian Ringan
USR00454,42,Female,Twitter/X,4.6,3.3,5.2,5.2,9.4,6.3,8.0,Low,36-45,6-8 jam,1,Kesepian Sedang
USR00455,32,Male,Instagram,4.0,4.5,0.4,4.5,7.4,8.2,10.0,Low,26-35,>8 jam,1,Kesepian Ringan
USR00456,41,Female,Twitter/X,2.1,6.7,6.5,2.8,7.4,4.6,7.6,Low,36-45,<6 jam,1,Kesepian Ringan
USR00457,22,Male,YouTube,5.3,3.0,7.1,5.4,2.7,7.5,6.8,Moderate,18-25,6-8 jam,2,Kesepian Sedang
USR00458,15,Male,Instagram,6.6,6.6,2.9,2.4,5.6,6.0,5.5,High,<18,<6 jam,3,Tidak Kesepian
USR00459,23,Female,Snapchat,2.7,2.0,5.5,5.9,4.5,7.3,7.8,Low,18-25,6-8 jam,1,Kesepian Sedang
USR00460,28,Female,YouTube,3.5,4.2,1.3,4.1,5.1,8.3,4.4,Severe,26-35,>8 jam,4,Kesepian Ringan
USR00461,39,Female,YouTube,8.0,6.8,6.7,5.9,2.4,6.9,5.5,Severe,36-45,6-8 jam,4,Kesepian Sedang
USR00462,27,Male,Instagram,3.8,3.5,3.9,5.7,5.9,6.4,6.4,Moderate,26-35,6-8 jam,2,Kesepian Sedang
USR00463,32,Male,Instagram,6.1,8.0,7.8,4.0,4.6,5.6,4.2,Severe,26-35,<6 jam,4,Kesepian Ringan
USR00464,17,Non-binary,TikTok,9.3,6.8,3.3,5.9,7.7,6.4,6.1,High,<18,,3,Kesepian Sedang
USR00465,18,Non-binary,Facebook,2.7,6.7,3.1,6.7,5.0,7.1,7.3,Low,<18,6-8 jam,1,Kesepian Sedang
USR00466,43,Female,TikTok,4.4,2.1,5.2,4.4,6.2,9.2,5.5,Moderate,36-45,>8 jam,2,Kesepian Ringan
USR00467,15,Male,Twitter/X,2.6,4.5,3.9,5.5,3.9,4.4,6.3,High,<18,<6 jam,3,Kesepian Sedang
USR00468,41,Male,Instagram,0.5,4.5,2.7,7.0,5.2,5.2,6.2,High,36-45,<6 jam,3,Kesepian Sedang
USR00469,32,Male,Facebook,7.2,8.6,1.4,4.8,6.5,5.4,6.4,High,26-35,<6 jam,3,Kesepian Ringan
USR00470,26,Female,Facebook,5.8,2.8,4.3,3.3,8.8,5.6,6.4,Moderate,26-35,<6 jam,2,Kesepian Ringan
USR00471,16,Male,Instagram,3.9,2.8,3.1,5.6,6.3,6.8,6.3,High,<18,6-8 jam,3,Kesepian Sedang
USR00472,20,Male,YouTube,5.5,3.4,3.5,3.8,5.1,7.0,7.6,Low,18-25,,1,Kesepian Ringan
USR00473,20,Male,YouTube,3.3,8.1,5.1,4.8,5.6,7.2,6.6,Moderate,18-25,6-8 jam,2,Kesepian Ringan
USR00474,37,Female,Facebook,1.5,5.8,3.4,3.0,6.5,6.5,9.2,Low,36-45,6-8 jam,1,Kesepian Ringan
USR00475,31,Female,Instagram,3.2,3.5,1.7,2.2,5.3,6.5,6.2,Moderate,26-35,6-8 jam,2,Tidak Kesepian
USR00476,24,Female,TikTok,2.9,0.2,0.6,3.0,7.8,5.4,7.0,Moderate,18-25,<6 jam,2,Kesepian Ringan
USR00477,42,Male,Instagram,2.4,6.6,4.0,3.7,2.1,4.8,6.6,High,36-45,<6 jam,3,Kesepian Ringan
USR00478,34,Male,Instagram,6.7,5.5,6.0,4.6,2.0,7.3,5.6,High,26-35,6-8 jam,3,Kesepian Ringan
USR00479,26,Female,TikTok,2.7,4.6,5.7,3.5,2.8,6.5,6.9,Moderate,26-35,6-8 jam,2,Kesepian Ringan
USR00480,33,Male,YouTube,2.2,4.3,5.0,1.2,3.5,7.3,7.8,Low,26-35,6-8 jam,1,Tidak Kesepian
USR00481,35,Female,Twitter/X,4.9,5.8,3.2,3.9,5.1,8.4,7.1,Low,26-35,>8 jam,1,Kesepian Ringan
USR00482,17,Female,Instagram,5.5,3.9,9.6,4.7,7.6,5.6,5.3,High,<18,<6 jam,3,Kesepian Ringan
USR00483,30,Male,Twitter/X,8.0,3.8,0.8,5.0,8.8,6.3,5.1,Moderate,26-35,6-8 jam,2,Kesepian Ringan
USR00484,23,Male,TikTok,5.1,6.3,7.0,5.3,8.2,5.6,8.0,Low,18-25,,1,Kesepian Sedang
USR00485,41,Female,Facebook,1.6,5.6,2.4,5.8,7.0,4.8,8.9,Low,36-45,<6 jam,1,Kesepian Sedang
USR00486,35,Male,Instagram,2.6,6.6,1.4,6.0,7.1,8.3,7.0,Moderate,26-35,>8 jam,2,Kesepian Sedang
USR00487,40,Non-binary,Facebook,6.5,3.5,8.0,4.4,5.1,6.2,5.9,High,36-45,6-8 jam,3,Kesepian Ringan
USR00488,31,Male,Instagram,3.1,7.4,4.5,5.5,6.3,6.6,7.0,Moderate,26-35,,2,Kesepian Sedang
USR00489,25,Male,TikTok,5.5,4.1,3.5,3.6,7.4,7.1,5.7,High,18-25,,3,Kesepian Ringan
USR00490,15,Female,Instagram,8.4,4.9,6.2,5.7,8.5,7.5,6.1,High,<18,6-8 jam,3,Kesepian Sedang
USR00491,41,Male,TikTok,1.4,5.8,3.3,7.2,5.2,6.1,6.0,High,36-45,6-8 jam,3,Kesepian Sedang
USR00492,28,Non-binary,Instagram,1.4,7.8,3.0,6.7,7.0,8.1,7.0,Moderate,26-35,>8 jam,2,Kesepian Sedang
USR00493,17,Male,Twitter/X,4.1,5.1,4.7,5.5,6.7,7.2,5.7,High,<18,6-8 jam,3,Kesepian Sedang
USR00494,37,Male,TikTok,4.4,6.0,3.6,5.9,5.2,7.8,5.1,Severe,36-45,6-8 jam,4,Kesepian Sedang
USR00495,43,Male,YouTube,6.3,3.4,7.6,1.7,7.6,5.8,6.8,Moderate,36-45,<6 jam,2,Tidak Kesepian
USR00496,18,Female,YouTube,1.1,1.2,1.7,4.7,10.0,7.5,9.3,Low,<18,6-8 jam,1,Kesepian Ringan
USR00497,24,Female,YouTube,5.7,2.0,3.7,6.5,3.2,6.2,8.2,Low,18-25,6-8 jam,1,Kesepian Sedang
USR00498,43,Male,Instagram,4.0,4.2,7.4,9.2,8.6,6.8,7.4,Low,36-45,6-8 jam,1,Sangat Kesepian
USR00499,36,Male,Instagram,0.9,5.9,4.5,0.0,6.4,7.3,6.7,Low,36-45,6-8 jam,1,
USR00500,30,Female,Snapchat,4.0,2.0,4.6,2.6,5.2,7.7,7.1,Moderate,26-35,6-8 jam,2,Kesepian Ringan
USR00501,35,Female,Instagram,5.5,3.3,4.3,4.3,3.8,5.6,6.3,Moderate,26-35,<6 jam,2,Kesepian Ringan
USR00502,28,Female,Instagram,8.2,5.5,4.3,10.0,9.4,8.1,6.3,Moderate,26-35,>8 jam,2,Sangat Kesepian
USR00503,21,Male,Twitter/X,3.2,7.2,4.3,0.7,7.1,6.7,6.5,High,18-25,6-8 jam,3,Tidak Kesepian
USR00504,24,Male,YouTube,6.0,3.8,5.6,7.6,4.8,7.8,5.7,High,18-25,6-8 jam,3,Sangat Kesepian
USR00505,24,Female,Snapchat,1.7,5.1,1.6,4.3,7.2,6.5,8.4,Low,18-25,6-8 jam,1,Kesepian Ringan
USR00506,24,Non-binary,Instagram,6.7,6.6,7.6,6.2,5.5,6.4,5.5,Severe,18-25,,4,Kesepian Sedang
USR00507,19,Male,Instagram,4.7,7.6,3.3,7.4,6.2,6.2,5.5,Severe,18-25,,4,Kesepian Sedang
USR00508,23,Non-binary,TikTok,7.8,0.0,3.6,6.6,4.7,6.1,5.7,Moderate,18-25,6-8 jam,2,Kesepian Sedang
USR00509,27,Male,Instagram,1.7,3.8,4.0,5.8,9.0,7.1,8.4,Low,26-35,6-8 jam,1,Kesepian Sedang
USR00510,17,Female,Snapchat,2.1,4.1,6.8,2.2,6.6,6.9,8.3,Low,<18,6-8 jam,1,Tidak Kesepian
USR00511,19,Non-binary,YouTube,0.9,4.3,2.9,5.2,1.7,6.9,5.5,High,18-25,6-8 jam,3,Kesepian Sedang
USR00512,37,Female,Snapchat,8.2,10.0,4.2,5.7,3.4,4.5,6.1,High,36-45,<6 jam,3,Kesepian Sedang
USR00513,20,Female,YouTube,3.5,7.6,3.4,4.5,8.3,6.9,7.5,Low,18-25,6-8 jam,1,Kesepian Ringan
USR00514,42,Male,Twitter/X,0.7,8.2,5.2,2.0,5.2,4.4,9.0,Low,36-45,<6 jam,1,Tidak Kesepian
USR00515,30,Female,Snapchat,2.9,8.8,3.3,5.6,8.2,5.9,7.5,Low,26-35,<6 jam,1,Kesepian Sedang
USR00516,18,Female,Facebook,6.2,9.4,1.0,3.0,2.1,4.2,5.3,Severe,<18,<6 jam,4,Kesepian Ringan
USR00517,20,Female,Snapchat,5.8,5.6,0.0,6.2,6.0,8.0,7.8,Low,18-25,6-8 jam,1,Kesepian Sedang
USR00518,33,Female,Instagram,5.4,8.9,2.0,5.5,8.9,8.0,7.0,Moderate,26-35,6-8 jam,2,Kesepian Sedang
USR00519,37,Male,Instagram,1.7,4.0,6.6,4.3,5.7,7.1,5.9,High,36-45,6-8 jam,3,Kesepian Ringan
USR00520,29,Female,Instagram,4.1,9.5,1.4,2.5,4.3,9.3,4.6,Severe,26-35,>8 jam,4,Tidak Kesepian
USR00521,29,Female,YouTube,0.5,6.9,5.2,3.3,3.3,7.1,8.0,Low,26-35,6-8 jam,1,Kesepian Ringan
USR00522,19,Female,Twitter/X,1.3,3.6,6.3,6.6,9.9,6.4,8.8,Low,18-25,6-8 jam,1,Kesepian Sedang
USR00523,34,Male,TikTok,5.7,1.2,3.5,6.5,3.0,6.2,4.0,Severe,26-35,6-8 jam,4,Kesepian Sedang
USR00524,33,Male,Instagram,6.3,4.0,6.9,7.5,4.8,7.8,7.2,Moderate,26-35,6-8 jam,2,Kesepian Sedang
USR00525,27,Male,Twitter/X,4.0,8.1,8.3,3.1,5.3,10.0,7.1,Moderate,26-35,>8 jam,2,Kesepian Ringan
USR00526,20,Female,Twitter/X,0.6,1.0,3.3,6.0,4.3,7.2,7.3,Moderate,18-25,6-8 jam,2,Kesepian Sedang
USR00527,40,Male,YouTube,2.4,5.2,2.2,2.9,5.4,6.1,7.7,Low,36-45,6-8 jam,1,Kesepian Ringan
USR00528,29,Male,Snapchat,3.7,8.7,2.8,6.2,2.7,4.5,5.8,Moderate,26-35,<6 jam,2,Kesepian Sedang
USR00529,38,Male,Instagram,7.8,7.3,4.7,5.2,5.5,5.0,5.5,High,36-45,<6 jam,3,Kesepian Sedang
USR00530,20,Male,Twitter/X,3.1,8.5,2.5,5.9,5.1,3.8,5.8,High,18-25,<6 jam,3,Kesepian Sedang
USR00531,39,Female,Instagram,1.4,3.9,0.8,0.1,7.4,6.1,6.9,Moderate,36-45,6-8 jam,2,Tidak Kesepian
USR00532,26,Male,TikTok,2.0,2.9,3.3,6.3,6.5,7.5,6.2,Moderate,26-35,6-8 jam,2,Kesepian Sedang
USR00533,41,Female,Instagram,2.6,7.8,5.1,4.3,7.4,6.5,6.3,Moderate,36-45,6-8 jam,2,Kesepian Ringan
USR00534,36,Male,Instagram,3.3,3.9,0.0,4.7,1.8,5.7,5.0,High,36-45,<6 jam,3,Kesepian Ringan
USR00535,17,Male,YouTube,3.9,6.1,4.9,4.3,1.4,6.8,6.8,Moderate,<18,6-8 jam,2,Kesepian Ringan
USR00536,31,Male,Facebook,8.7,8.2,1.3,1.8,4.3,4.4,7.6,Moderate,26-35,<6 jam,2,Tidak Kesepian
USR00537,24,Male,TikTok,3.2,3.5,4.6,5.2,8.9,5.7,9.2,Low,18-25,<6 jam,1,Kesepian Sedang
USR00538,34,Female,Facebook,0.5,4.0,6.8,6.0,5.9,7.7,7.6,Low,26-35,6-8 jam,1,Kesepian Sedang
USR00539,17,Male,TikTok,6.6,6.1,0.0,3.3,7.1,6.2,3.6,Severe,<18,6-8 jam,4,Kesepian Ringan
USR00540,33,Male,TikTok,2.8,2.4,4.5,2.5,7.9,8.1,7.3,Low,26-35,>8 jam,1,Tidak Kesepian
USR00541,25,Female,YouTube,3.0,7.8,3.2,5.4,6.4,6.6,5.5,High,18-25,6-8 jam,3,Kesepian Sedang
USR00542,19,Male,Snapchat,3.2,1.9,7.2,5.4,6.1,6.7,8.1,Low,18-25,6-8 jam,1,Kesepian Sedang
USR00543,18,Non-binary,Twitter/X,4.0,6.6,3.2,2.7,5.3,6.6,5.4,High,<18,6-8 jam,3,Kesepian Ringan
USR00544,19,Male,YouTube,4.7,4.2,0.7,5.8,5.2,6.1,8.0,Low,18-25,6-8 jam,1,Kesepian Sedang
USR00545,23,Non-binary,Facebook,5.4,4.6,5.8,7.4,5.0,4.8,8.0,Low,18-25,<6 jam,1,Kesepian Sedang
USR00546,22,Male,Instagram,3.7,8.2,5.4,4.8,8.2,5.9,6.3,Moderate,18-25,<6 jam,2,Kesepian Ringan
USR00547,25,Non-binary,YouTube,4.6,3.8,6.7,5.0,7.2,6.9,5.5,High,18-25,6-8 jam,3,Kesepian Ringan
USR00548,41,Male,TikTok,2.1,5.3,3.0,3.1,6.1,4.5,7.4,Moderate,36-45,<6 jam,2,Kesepian Ringan
USR00549,31,Male,YouTube,2.2,4.8,6.2,3.3,5.2,7.9,5.3,High,26-35,6-8 jam,3,Kesepian Ringan
USR00550,17,Male,Instagram,3.2,8.9,5.9,7.8,3.2,4.1,4.3,Severe,<18,<6 jam,4,Sangat Kesepian
USR00551,22,Female,YouTube,3.5,4.7,4.4,3.4,5.4,5.1,6.7,Moderate,18-25,<6 jam,2,Kesepian Ringan
USR00552,39,Male,Instagram,0.8,8.6,8.7,0.2,7.5,8.8,6.8,Moderate,36-45,>8 jam,2,Tidak Kesepian
USR00553,25,Male,TikTok,1.9,6.0,5.8,4.3,6.8,5.9,5.8,Moderate,18-25,<6 jam,2,Kesepian Ringan
USR00554,23,Female,Twitter/X,7.1,5.8,2.7,5.6,3.8,5.6,6.7,High,18-25,<6 jam,3,Kesepian Sedang
USR00555,44,Male,Twitter/X,6.9,2.1,5.3,2.7,6.0,6.3,7.7,Low,36-45,6-8 jam,1,Kesepian Ringan
USR00556,19,Female,YouTube,7.9,4.2,7.0,5.6,8.3,7.5,8.4,Low,18-25,6-8 jam,1,Kesepian Sedang
USR00557,15,Male,TikTok,6.9,2.8,6.1,5.1,6.5,7.1,7.3,Moderate,<18,,2,Kesepian Sedang
USR00558,35,Male,TikTok,6.3,5.7,7.6,3.9,6.1,6.7,7.3,Moderate,26-35,6-8 jam,2,Kesepian Ringan
USR00559,32,Non-binary,Instagram,8.1,3.6,4.7,3.6,7.1,5.9,4.4,Severe,26-35,<6 jam,4,Kesepian Ringan
USR00560,38,Male,YouTube,5.8,5.3,4.6,6.5,6.2,5.0,5.3,Severe,36-45,<6 jam,4,Kesepian Sedang
USR00561,35,Male,YouTube,3.8,4.2,4.1,1.7,5.2,5.9,7.0,Moderate,26-35,<6 jam,2,Tidak Kesepian
USR00562,43,Female,TikTok,3.8,9.7,1.7,2.9,5.8,5.9,6.7,Moderate,36-45,<6 jam,2,Kesepian Ringan
USR00563,44,Female,YouTube,5.1,2.1,5.7,1.9,5.0,5.9,7.9,Moderate,36-45,<6 jam,2,Tidak Kesepian
USR00564,40,Male,YouTube,5.4,6.1,8.4,3.2,8.4,7.4,5.6,High,36-45,6-8 jam,3,Kesepian Ringan
USR00565,31,Male,Twitter/X,4.2,6.1,4.7,4.3,4.0,9.6,7.0,Moderate,26-35,>8 jam,2,Kesepian Ringan
USR00566,32,Non-binary,Instagram,3.7,4.8,4.3,3.6,2.0,8.7,7.3,Low,26-35,>8 jam,1,Kesepian Ringan
USR00567,31,Male,TikTok,4.4,3.8,4.2,5.7,0.1,4.4,4.8,Severe,26-35,<6 jam,4,Kesepian Sedang
USR00568,25,Female,Snapchat,2.8,1.1,5.9,7.2,3.3,6.9,6.5,High,18-25,6-8 jam,3,Kesepian Sedang
USR00569,37,Female,Instagram,9.2,3.2,3.2,5.6,6.3,7.0,7.3,Moderate,36-45,6-8 jam,2,Kesepian Sedang
USR00570,33,Female,Twitter/X,5.6,9.6,5.9,3.4,4.2,8.9,6.1,Moderate,26-35,>8 jam,2,Kesepian Ringan
USR00571,15,Male,TikTok,0.5,4.1,3.5,2.0,7.2,6.8,5.0,Severe,<18,6-8 jam,4,Tidak Kesepian
USR00572,17,Female,YouTube,6.3,8.0,7.2,5.2,2.2,6.8,4.0,Severe,<18,6-8 jam,4,Kesepian Sedang
USR00573,35,Male,TikTok,2.7,4.4,5.9,8.7,5.9,7.3,6.4,Moderate,26-35,6-8 jam,2,Sangat Kesepian
USR00574,30,Male,Twitter/X,4.0,1.4,4.6,3.7,6.2,10.0,6.1,High,26-35,>8 jam,3,Kesepian Ringan
USR00575,35,Female,TikTok,5.2,5.5,8.3,7.8,8.0,6.7,5.5,High,26-35,6-8 jam,3,Sangat Kesepian
USR00576,32,Female,Twitter/X,6.4,9.3,3.1,4.9,3.9,7.5,6.1,Moderate,26-35,6-8 jam,2,Kesepian Ringan
USR00577,25,Female,Instagram,4.4,6.8,6.0,4.8,5.1,7.5,5.3,High,18-25,6-8 jam,3,Kesepian Ringan
USR00578,15,Male,Instagram,5.1,3.7,3.8,3.8,3.3,8.4,6.1,High,<18,,3,Kesepian Ringan
USR00579,15,Male,Facebook,4.2,3.1,1.5,9.8,7.5,9.4,5.7,High,<18,>8 jam,3,Sangat Kesepian
USR00580,17,Female,Twitter/X,9.4,2.8,1.4,0.0,6.5,6.1,7.0,Moderate,<18,6-8 jam,2,
USR00581,18,Male,YouTube,4.4,4.2,4.2,4.3,2.9,5.1,8.5,Low,<18,<6 jam,1,Kesepian Ringan
USR00582,38,Male,YouTube,3.1,6.0,2.7,3.6,3.6,7.4,4.7,Severe,36-45,6-8 jam,4,Kesepian Ringan
USR00583,37,Male,Instagram,1.7,8.8,7.3,3.4,3.7,7.6,5.2,High,36-45,6-8 jam,3,Kesepian Ringan
USR00584,43,Male,TikTok,4.5,1.8,3.5,4.4,6.9,5.5,8.0,Low,36-45,<6 jam,1,Kesepian Ringan
USR00585,24,Male,Snapchat,3.5,7.0,6.6,4.7,10.0,4.3,6.7,Moderate,18-25,<6 jam,2,Kesepian Ringan
USR00586,18,Male,YouTube,4.9,3.1,6.2,1.5,4.2,7.1,6.3,Moderate,<18,6-8 jam,2,Tidak Kesepian
USR00587,36,Female,YouTube,5.4,7.3,6.0,2.8,5.5,7.7,8.1,Low,36-45,6-8 jam,1,Kesepian Ringan
USR00588,21,Male,Instagram,2.0,1.5,0.4,0.2,6.0,6.7,7.9,Low,18-25,6-8 jam,1,Tidak Kesepian
USR00589,28,Male,TikTok,4.7,5.4,0.5,1.2,8.8,6.0,5.3,High,26-35,<6 jam,3,Tidak Kesepian
USR00590,39,Male,Twitter/X,3.0,5.2,4.0,1.5,8.5,7.3,7.1,Moderate,36-45,6-8 jam,2,Tidak Kesepian
USR00591,43,Non-binary,YouTube,3.0,7.8,0.0,3.1,3.5,6.3,7.2,Low,36-45,6-8 jam,1,Kesepian Ringan
USR00592,37,Male,TikTok,3.5,6.7,3.8,7.7,6.1,7.9,6.1,Moderate,36-45,6-8 jam,2,Sangat Kesepian
USR00593,38,Female,TikTok,4.0,5.6,7.6,3.3,3.4,5.8,7.5,Moderate,36-45,<6 jam,2,Kesepian Ringan
USR00594,43,Non-binary,Twitter/X,3.0,4.2,2.0,6.2,2.3,6.8,6.2,High,36-45,6-8 jam,3,Kesepian Sedang
USR00595,34,Female,Instagram,3.0,4.0,5.2,6.3,7.1,4.6,8.3,Low,26-35,<6 jam,1,Kesepian Sedang
USR00596,26,Female,Instagram,3.7,6.3,5.7,6.7,4.8,8.7,7.0,Moderate,26-35,>8 jam,2,Kesepian Sedang
USR00597,39,Female,Facebook,1.7,4.6,5.2,4.6,5.2,7.7,8.1,Low,36-45,6-8 jam,1,Kesepian Ringan
USR00598,26,Female,YouTube,3.8,3.9,0.1,2.4,5.1,4.6,7.3,Moderate,26-35,<6 jam,2,Tidak Kesepian
USR00599,36,Male,Instagram,5.8,3.5,4.4,0.9,3.8,5.7,8.1,Low,36-45,<6 jam,1,Tidak Kesepian
USR00600,37,Male,Twitter/X,3.7,5.5,6.3,4.2,4.4,6.7,8.9,Low,36-45,6-8 jam,1,Kesepian Ringan
USR00601,43,Male,TikTok,5.1,5.0,7.8,5.0,6.4,6.3,6.2,Moderate,36-45,6-8 jam,2,Kesepian Ringan
USR00602,19,Male,Instagram,2.5,8.4,3.5,5.8,8.5,4.6,7.8,Moderate,18-25,<6 jam,2,Kesepian Sedang
USR00603,17,Female,Facebook,4.7,5.0,5.7,3.1,6.6,7.2,9.2,Low,<18,6-8 jam,1,Kesepian Ringan
USR00604,44,Female,YouTube,1.3,2.6,7.2,5.5,10.0,7.8,7.7,Low,36-45,6-8 jam,1,Kesepian Sedang
USR00605,22,Male,YouTube,4.4,5.2,2.6,5.7,7.5,6.5,7.5,Low,18-25,6-8 jam,1,Kesepian Sedang
USR00606,24,Female,Instagram,4.7,5.0,8.6,5.1,7.9,7.4,5.8,High,18-25,6-8 jam,3,Kesepian Sedang
USR00607,37,Female,TikTok,3.7,4.7,7.0,4.3,4.0,7.0,5.6,High,36-45,6-8 jam,3,Kesepian Ringan
USR00608,25,Female,TikTok,6.1,4.4,1.2,2.0,1.5,8.5,5.7,High,18-25,>8 jam,3,Tidak Kesepian
USR00609,41,Male,YouTube,2.8,3.7,6.8,4.2,4.5,7.0,8.5,Low,36-45,6-8 jam,1,Kesepian Ringan
USR00610,23,Female,Facebook,4.8,4.2,5.3,3.2,2.9,7.8,4.5,High,18-25,6-8 jam,3,Kesepian Ringan
USR00611,21,Male,TikTok,5.7,4.2,5.6,4.7,5.1,6.0,4.9,High,18-25,<6 jam,3,Kesepian Ringan
USR00612,41,Male,TikTok,5.6,4.4,2.7,4.4,5.8,3.5,5.9,High,36-45,<6 jam,3,Kesepian Ringan
USR00613,32,Female,YouTube,4.4,6.2,3.9,3.2,2.4,4.1,5.0,Severe,26-35,<6 jam,4,Kesepian Ringan
USR00614,31,Female,YouTube,8.0,5.8,5.6,5.5,4.2,9.2,5.0,Severe,26-35,>8 jam,4,Kesepian Sedang
USR00615,22,Female,Instagram,6.2,7.7,0.0,5.4,6.0,5.9,4.8,Severe,18-25,<6 jam,4,Kesepian Sedang
USR00616,37,Non-binary,Twitter/X,5.9,8.6,7.9,6.8,8.0,9.1,6.2,High,36-45,>8 jam,3,Kesepian Sedang
USR00617,39,Male,Facebook,3.0,5.0,5.7,3.6,6.4,9.2,9.0,Low,36-45,>8 jam,1,Kesepian Ringan
USR00618,36,Female,Instagram,3.2,6.0,7.8,2.6,0.3,6.5,4.9,Severe,36-45,6-8 jam,4,Kesepian Ringan
USR00619,19,Male,Instagram,3.4,5.6,9.8,1.6,0.0,4.6,5.2,High,18-25,<6 jam,3,Tidak Kesepian
USR00620,29,Female,Twitter/X,8.8,6.6,3.7,4.8,9.4,7.1,5.2,High,26-35,6-8 jam,3,Kesepian Ringan
USR00621,18,Female,Facebook,5.3,3.1,0.0,7.2,5.6,7.9,4.8,High,<18,6-8 jam,3,Kesepian Sedang
USR00622,31,Female,TikTok,2.9,7.6,4.7,3.3,8.8,8.0,3.2,Severe,26-35,6-8 jam,4,Kesepian Ringan
USR00623,38,Female,YouTube,6.3,4.7,6.9,1.4,7.1,7.1,7.4,Moderate,36-45,6-8 jam,2,Tidak Kesepian
USR00624,29,Female,TikTok,6.8,3.2,3.3,3.3,7.7,4.5,5.8,High,26-35,<6 jam,3,Kesepian Ringan
USR00625,43,Male,Twitter/X,3.3,1.4,1.0,6.7,3.7,4.8,7.0,Low,36-45,<6 jam,1,Kesepian Sedang
USR00626,27,Female,YouTube,4.9,2.0,3.1,7.1,7.8,5.0,7.2,Low,26-35,<6 jam,1,Kesepian Sedang
USR00627,19,Female,YouTube,9.8,5.7,4.2,3.6,5.4,5.2,6.6,High,18-25,<6 jam,3,Kesepian Ringan
USR00628,31,Female,TikTok,4.6,4.7,0.4,3.4,5.7,6.8,6.6,High,26-35,6-8 jam,3,Kesepian Ringan
USR00629,23,Non-binary,Snapchat,5.3,7.6,4.3,3.6,7.3,5.8,6.8,Moderate,18-25,<6 jam,2,Kesepian Ringan
USR00630,41,Male,TikTok,11.1,6.9,3.5,3.9,3.4,8.1,2.7,Severe,36-45,>8 jam,4,Kesepian Ringan
USR00631,36,Male,Instagram,4.5,6.2,2.8,3.1,6.5,7.2,5.5,High,36-45,6-8 jam,3,Kesepian Ringan
USR00632,42,Female,Instagram,2.0,3.2,2.0,4.2,3.8,8.6,5.6,Severe,36-45,>8 jam,4,Kesepian Ringan
USR00633,15,Male,Instagram,2.5,3.5,4.7,3.8,1.9,7.4,6.5,Moderate,<18,6-8 jam,2,Kesepian Ringan
USR00634,43,Female,TikTok,4.8,6.5,7.7,1.8,4.0,5.7,5.3,Severe,36-45,<6 jam,4,Tidak Kesepian
USR00635,22,Male,YouTube,6.2,7.7,2.6,1.5,3.6,5.7,5.1,High,18-25,<6 jam,3,Tidak Kesepian
USR00636,26,Male,Twitter/X,2.6,2.3,2.1,1.1,4.4,4.3,7.2,Low,26-35,<6 jam,1,Tidak Kesepian
USR00637,41,Female,Twitter/X,0.5,8.8,7.5,5.3,5.8,8.4,5.5,High,36-45,>8 jam,3,Kesepian Sedang
USR00638,20,Male,Twitter/X,5.7,3.4,1.6,3.5,4.2,8.6,5.5,High,18-25,>8 jam,3,Kesepian Ringan
USR00639,27,Male,Instagram,4.0,6.2,5.1,4.2,4.1,8.3,4.7,Severe,26-35,>8 jam,4,Kesepian Ringan
USR00640,16,Male,Instagram,3.3,3.9,5.4,0.3,4.2,5.2,6.9,Moderate,<18,<6 jam,2,Tidak Kesepian
USR00641,36,Non-binary,Instagram,2.6,8.5,5.3,5.4,6.3,6.1,8.1,Low,36-45,6-8 jam,1,Kesepian Sedang
USR00642,40,Female,YouTube,6.9,5.4,5.5,5.0,4.6,7.9,7.5,Low,36-45,6-8 jam,1,Kesepian Ringan
USR00643,35,Female,Instagram,4.1,5.2,4.9,6.1,8.9,6.2,7.0,Low,26-35,6-8 jam,1,Kesepian Sedang
USR00644,32,Female,Instagram,1.7,0.2,2.1,5.8,3.0,7.5,8.2,Low,26-35,6-8 jam,1,Kesepian Sedang
USR00645,40,Non-binary,YouTube,2.4,5.1,6.1,6.9,8.3,5.2,8.5,Low,36-45,<6 jam,1,Kesepian Sedang
USR00646,37,Male,YouTube,3.5,2.3,4.6,5.9,3.4,5.1,7.2,Low,36-45,<6 jam,1,Kesepian Sedang
USR00647,41,Female,TikTok,1.4,5.1,9.7,7.0,2.2,8.7,6.7,Moderate,36-45,>8 jam,2,Kesepian Sedang
USR00648,36,Male,TikTok,3.4,3.4,3.6,3.1,5.1,5.7,7.5,Moderate,36-45,<6 jam,2,Kesepian Ringan
USR00649,21,Female,Twitter/X,6.9,4.6,0.0,5.5,10.0,7.3,6.9,Moderate,18-25,6-8 jam,2,Kesepian Sedang
USR00650,26,Male,Twitter/X,6.3,6.3,5.3,0.5,3.7,7.2,4.8,Severe,26-35,6-8 jam,4,Tidak Kesepian
USR00651,39,Male,TikTok,6.6,3.3,5.7,6.7,5.4,7.3,5.8,High,36-45,6-8 jam,3,Kesepian Sedang
USR00652,20,Non-binary,YouTube,6.6,3.5,0.0,3.1,7.1,8.1,6.5,Moderate,18-25,>8 jam,2,Kesepian Ringan
USR00653,40,Male,YouTube,4.8,3.7,4.0,5.1,4.6,7.3,7.2,Low,36-45,6-8 jam,1,Kesepian Sedang
USR00654,19,Non-binary,Twitter/X,5.3,4.1,7.9,7.7,5.3,7.2,4.9,Severe,18-25,6-8 jam,4,Sangat Kesepian
USR00655,44,Female,YouTube,0.8,4.8,5.3,3.4,5.6,5.3,6.7,Moderate,36-45,<6 jam,2,Kesepian Ringan
USR00656,37,Female,Twitter/X,6.1,5.8,7.2,4.6,4.7,8.8,9.1,Low,36-45,>8 jam,1,Kesepian Ringan
USR00657,15,Female,Instagram,5.8,0.5,2.3,7.8,7.1,8.6,4.5,Severe,<18,>8 jam,4,Sangat Kesepian
USR00658,37,Non-binary,TikTok,5.0,7.5,5.8,4.6,6.7,6.2,5.1,High,36-45,6-8 jam,3,Kesepian Ringan
USR00659,17,Male,Facebook,5.0,6.6,5.9,6.5,6.3,6.5,7.0,Moderate,<18,6-8 jam,2,Kesepian Sedang
USR00660,25,Non-binary,Instagram,2.2,6.0,7.8,5.5,1.9,7.2,7.0,Moderate,18-25,6-8 jam,2,Kesepian Sedang
USR00661,28,Male,TikTok,3.5,6.3,2.2,6.0,6.2,6.0,4.9,Severe,26-35,,4,Kesepian Sedang
USR00662,18,Male,YouTube,1.1,7.5,4.3,1.9,1.4,4.7,8.0,Low,<18,<6 jam,1,Tidak Kesepian
USR00663,16,Non-binary,YouTube,3.5,7.0,2.6,3.8,6.0,7.7,5.8,High,<18,6-8 jam,3,Kesepian Ringan
USR00664,21,Male,Twitter/X,3.9,3.2,0.7,1.1,6.5,8.2,9.3,Low,18-25,>8 jam,1,Tidak Kesepian
USR00665,22,Female,Snapchat,3.1,6.7,4.4,2.2,7.2,4.9,6.1,High,18-25,<6 jam,3,Tidak Kesepian
USR00666,31,Female,TikTok,7.0,0.2,7.9,3.7,5.8,6.8,6.0,Moderate,26-35,6-8 jam,2,Kesepian Ringan
USR00667,31,Male,Twitter/X,2.7,2.2,6.3,5.6,4.6,4.4,5.7,High,26-35,<6 jam,3,Kesepian Sedang
USR00668,19,Female,Instagram,5.2,4.1,3.1,0.1,3.5,7.9,7.0,Low,18-25,6-8 jam,1,Tidak Kesepian
USR00669,38,Female,Instagram,4.9,5.0,1.5,2.6,5.7,7.1,7.6,Moderate,36-45,6-8 jam,2,Kesepian Ringan
USR00670,15,Female,TikTok,4.1,5.8,5.8,3.2,6.6,8.0,6.3,Moderate,<18,6-8 jam,2,Kesepian Ringan
USR00671,33,Male,Instagram,5.7,4.7,10.0,6.9,4.1,4.9,5.5,High,26-35,<6 jam,3,Kesepian Sedang
USR00672,24,Female,YouTube,5.3,0.8,2.1,0.0,4.6,6.9,8.6,Low,18-25,6-8 jam,1,
USR00673,21,Female,Facebook,3.7,5.1,8.6,2.9,5.2,8.0,5.4,High,18-25,6-8 jam,3,Kesepian Ringan
USR00674,32,Male,TikTok,7.3,2.1,2.3,5.1,1.7,7.9,7.0,Moderate,26-35,6-8 jam,2,Kesepian Sedang
USR00675,17,Non-binary,Instagram,4.2,6.2,7.9,0.0,2.0,4.6,5.6,High,<18,<6 jam,3,
USR00676,29,Male,YouTube,5.8,9.0,1.4,2.3,2.2,7.2,5.3,Severe,26-35,6-8 jam,4,Tidak Kesepian
USR00677,29,Male,Twitter/X,2.3,2.6,5.1,3.7,5.8,7.0,6.4,Moderate,26-35,6-8 jam,2,Kesepian Ringan
USR00678,17,Non-binary,Twitter/X,2.5,2.5,4.8,4.8,6.2,7.2,8.8,Low,<18,6-8 jam,1,Kesepian Ringan
USR00679,23,Non-binary,YouTube,4.9,8.0,6.1,5.8,4.0,7.0,5.9,High,18-25,6-8 jam,3,Kesepian Sedang
USR00680,28,Male,Twitter/X,9.4,6.2,4.5,2.7,5.0,7.0,6.0,Moderate,26-35,6-8 jam,2,Kesepian Ringan
USR00681,43,Female,TikTok,1.8,3.3,4.7,5.3,5.1,4.3,5.1,Severe,36-45,<6 jam,4,Kesepian Sedang
USR00682,24,Non-binary,Twitter/X,2.0,4.2,3.0,4.5,5.3,7.7,8.3,Low,18-25,6-8 jam,1,Kesepian Ringan
USR00683,41,Female,Instagram,2.9,4.7,8.1,0.3,7.9,5.6,8.8,Low,36-45,<6 jam,1,Tidak Kesepian
USR00684,22,Male,TikTok,3.6,6.9,4.4,4.7,4.1,7.6,7.5,Low,18-25,6-8 jam,1,Kesepian Ringan
USR00685,33,Male,Snapchat,4.6,9.9,5.5,3.0,7.4,5.5,5.6,Severe,26-35,<6 jam,4,Kesepian Ringan
USR00686,35,Female,TikTok,6.7,10.0,6.1,4.0,6.8,4.7,7.2,Moderate,26-35,<6 jam,2,Kesepian Ringan
USR00687,38,Male,Instagram,4.1,10.0,4.0,4.9,3.7,6.1,8.1,Low,36-45,6-8 jam,1,Kesepian Ringan
USR00688,38,Male,TikTok,4.4,2.4,5.0,5.3,6.5,7.2,5.9,Moderate,36-45,,2,Kesepian Sedang
USR00689,43,Male,TikTok,4.6,6.3,2.4,0.0,6.2,8.3,6.2,High,36-45,>8 jam,3,
USR00690,43,Male,YouTube,3.3,2.3,2.1,1.0,5.0,6.2,5.0,Severe,36-45,6-8 jam,4,Tidak Kesepian
USR00691,42,Male,TikTok,3.5,3.3,3.1,6.6,4.8,5.0,8.2,Low,36-45,<6 jam,1,Kesepian Sedang
USR00692,40,Male,TikTok,5.6,7.4,4.1,4.1,3.2,9.8,6.0,High,36-45,>8 jam,3,Kesepian Ringan
USR00693,30,Male,YouTube,4.9,8.7,3.7,5.0,8.8,7.0,7.6,Low,26-35,6-8 jam,1,Kesepian Ringan
USR00694,28,Non-binary,Twitter/X,7.3,8.5,7.2,9.2,8.5,5.7,6.1,Moderate,26-35,<6 jam,2,Sangat Kesepian
USR00695,16,Male,Snapchat,5.8,5.3,2.1,4.3,6.1,3.3,6.0,High,<18,<6 jam,3,Kesepian Ringan
USR00696,15,Male,Instagram,4.3,6.7,3.9,5.1,3.2,6.4,5.9,High,<18,,3,Kesepian Sedang
USR00697,16,Female,TikTok,2.1,5.4,1.6,5.9,4.3,9.6,5.9,High,<18,>8 jam,3,Kesepian Sedang
USR00698,39,Female,TikTok,2.9,6.3,3.6,5.4,3.8,7.7,6.3,Moderate,36-45,6-8 jam,2,Kesepian Sedang
USR00699,22,Male,YouTube,5.3,9.9,5.2,2.8,5.9,7.4,7.6,Low,18-25,,1,Kesepian Ringan
USR00700,41,Female,Instagram,5.2,3.0,5.2,4.9,3.6,7.2,4.9,Severe,36-45,6-8 jam,4,Kesepian Ringan
USR00701,19,Male,YouTube,8.0,3.8,3.6,5.8,6.6,6.3,7.4,Low,18-25,6-8 jam,1,Kesepian Sedang
USR00702,25,Non-binary,Instagram,3.2,4.2,3.8,4.4,9.5,5.5,6.4,High,18-25,<6 jam,3,Kesepian Ringan
USR00703,30,Male,TikTok,5.9,2.0,3.7,4.3,5.7,7.7,7.3,Moderate,26-35,6-8 jam,2,Kesepian Ringan
USR00704,37,Female,TikTok,4.4,3.8,5.3,2.8,5.0,7.2,6.2,High,36-45,6-8 jam,3,Kesepian Ringan
USR00705,26,Female,Twitter/X,0.5,1.4,3.9,5.6,5.4,5.5,7.6,Low,26-35,<6 jam,1,Kesepian Sedang
USR00706,16,Female,Facebook,2.1,6.8,5.7,5.3,5.8,5.0,7.2,Moderate,<18,<6 jam,2,Kesepian Sedang
USR00707,35,Male,Instagram,5.1,5.0,9.7,5.0,0.8,7.6,7.2,Moderate,26-35,6-8 jam,2,Kesepian Ringan
USR00708,23,Male,Twitter/X,3.8,3.8,10.0,3.8,4.2,7.2,6.3,Moderate,18-25,6-8 jam,2,Kesepian Ringan
USR00709,38,Male,Facebook,3.1,4.0,0.5,6.1,5.1,8.0,6.6,High,36-45,6-8 jam,3,Kesepian Sedang
USR00710,29,Female,Facebook,6.9,4.9,3.0,4.2,5.5,8.8,5.8,High,26-35,>8 jam,3,Kesepian Ringan
USR00711,34,Male,Instagram,4.1,7.4,4.6,2.4,6.6,6.2,4.8,Severe,26-35,6-8 jam,4,Tidak Kesepian
USR00712,44,Female,YouTube,5.2,7.1,10.0,4.8,7.6,6.1,8.2,Low,36-45,6-8 jam,1,Kesepian Ringan
USR00713,42,Female,YouTube,4.4,4.6,2.8,7.0,5.4,6.2,7.0,Low,36-45,6-8 jam,1,Kesepian Sedang
USR00714,18,Female,Instagram,3.6,2.9,3.8,3.8,4.7,6.0,6.8,Moderate,<18,,2,Kesepian Ringan
USR00715,29,Non-binary,TikTok,5.9,7.3,5.6,6.5,4.2,5.8,5.9,High,26-35,<6 jam,3,Kesepian Sedang
USR00716,37,Female,TikTok,2.4,7.5,3.9,7.5,4.6,6.9,5.2,High,36-45,6-8 jam,3,Kesepian Sedang
USR00717,35,Male,YouTube,1.8,6.6,5.7,6.0,4.8,6.3,6.6,Moderate,26-35,6-8 jam,2,Kesepian Sedang
USR00718,40,Female,TikTok,6.9,5.9,4.4,4.2,5.8,6.3,5.7,High,36-45,6-8 jam,3,Kesepian Ringan
USR00719,36,Female,Twitter/X,7.3,4.9,4.5,3.4,7.1,5.0,6.4,High,36-45,<6 jam,3,Kesepian Ringan
USR00720,44,Male,Instagram,6.1,6.0,3.8,5.3,3.9,5.4,5.9,High,36-45,<6 jam,3,Kesepian Sedang
USR00721,38,Male,YouTube,3.0,5.2,6.6,1.5,3.6,7.3,5.4,Severe,36-45,6-8 jam,4,Tidak Kesepian
USR00722,40,Female,TikTok,3.8,4.2,1.7,3.1,5.7,7.4,6.9,Moderate,36-45,6-8 jam,2,Kesepian Ringan
USR00723,29,Male,Facebook,2.6,3.1,4.5,4.5,6.4,4.8,6.7,Moderate,26-35,<6 jam,2,Kesepian Ringan
USR00724,25,Female,TikTok,2.6,3.9,5.3,5.7,3.7,6.8,6.5,Moderate,18-25,6-8 jam,2,Kesepian Sedang
USR00725,27,Non-binary,YouTube,4.8,4.7,5.2,2.9,6.1,6.8,7.5,Low,26-35,6-8 jam,1,Kesepian Ringan
USR00726,40,Female,Facebook,3.5,1.4,5.1,8.5,5.1,4.4,5.8,High,36-45,<6 jam,3,Sangat Kesepian
USR00727,29,Female,Twitter/X,7.0,5.1,2.5,2.9,7.3,8.4,8.7,Low,26-35,>8 jam,1,Kesepian Ringan
USR00728,28,Male,Instagram,1.2,4.5,0.1,3.0,4.4,7.0,5.6,High,26-35,6-8 jam,3,Kesepian Ringan
USR00729,38,Male,Instagram,3.4,5.4,0.9,3.6,5.5,5.9,6.5,Moderate,36-45,<6 jam,2,Kesepian Ringan
USR00730,21,Male,YouTube,2.0,2.7,6.7,4.7,5.9,4.1,8.1,Low,18-25,<6 jam,1,Kesepian Ringan
USR00731,40,Female,Instagram,1.8,5.5,6.0,5.0,6.7,7.1,9.2,Low,36-45,6-8 jam,1,Kesepian Ringan
USR00732,39,Male,YouTube,8.5,4.3,5.6,0.3,4.0,6.1,5.0,High,36-45,6-8 jam,3,Tidak Kesepian
USR00733,42,Male,YouTube,7.9,2.2,0.0,3.1,4.9,8.9,4.8,Severe,36-45,>8 jam,4,Kesepian Ringan
USR00734,39,Non-binary,YouTube,5.4,2.0,3.2,2.2,5.2,5.2,6.1,High,36-45,<6 jam,3,Tidak Kesepian
USR00735,37,Male,Twitter/X,5.6,3.4,4.0,3.3,6.5,8.5,4.2,Severe,36-45,>8 jam,4,Kesepian Ringan
USR00736,42,Male,Twitter/X,5.8,1.5,4.3,0.7,6.9,7.8,8.3,Low,36-45,,1,Tidak Kesepian
USR00737,17,Female,TikTok,4.6,5.9,8.0,4.2,5.3,7.1,4.4,Severe,<18,6-8 jam,4,Kesepian Ringan
USR00738,33,Female,Instagram,0.5,5.0,1.6,7.9,4.6,4.9,6.4,Moderate,26-35,<6 jam,2,Sangat Kesepian
USR00739,33,Female,Twitter/X,0.5,5.4,6.1,5.9,7.7,7.7,6.8,Moderate,26-35,6-8 jam,2,Kesepian Sedang
USR00740,26,Male,YouTube,5.7,1.8,4.6,7.1,6.2,5.9,7.6,Low,26-35,<6 jam,1,Kesepian Sedang
USR00741,20,Female,TikTok,0.5,3.8,2.2,10.0,8.9,3.8,6.5,Moderate,18-25,<6 jam,2,Sangat Kesepian
USR00742,32,Male,TikTok,7.5,4.0,2.8,5.1,4.6,6.1,4.4,Severe,26-35,6-8 jam,4,Kesepian Sedang
USR00743,35,Female,Instagram,6.2,8.8,5.7,1.6,2.9,7.3,3.1,Severe,26-35,6-8 jam,4,Tidak Kesepian
USR00744,32,Non-binary,Instagram,5.1,5.5,3.8,5.3,2.6,5.3,3.2,Severe,26-35,<6 jam,4,Kesepian Sedang
USR00745,19,Male,YouTube,5.3,5.7,8.1,2.5,1.7,6.2,6.4,Moderate,18-25,6-8 jam,2,Tidak Kesepian
USR00746,40,Female,YouTube,6.0,2.0,4.1,3.1,2.9,5.5,5.1,High,36-45,<6 jam,3,Kesepian Ringan
USR00747,44,Female,YouTube,3.2,5.3,3.1,6.4,6.3,5.6,6.4,Moderate,36-45,<6 jam,2,Kesepian Sedang
USR00748,26,Female,TikTok,8.4,8.6,6.3,0.7,3.8,5.9,5.4,Severe,26-35,<6 jam,4,Tidak Kesepian
USR00749,20,Male,YouTube,3.9,4.7,2.0,4.2,5.1,8.4,6.6,Moderate,18-25,>8 jam,2,Kesepian Ringan
USR00750,41,Male,Snapchat,2.5,5.3,8.0,1.7,10.0,9.0,8.2,Low,36-45,>8 jam,1,Tidak Kesepian
USR00751,18,Female,Instagram,8.4,2.3,5.0,3.7,5.0,8.2,6.5,Moderate,<18,>8 jam,2,Kesepian Ringan
USR00752,28,Male,TikTok,4.8,4.2,7.5,4.0,5.8,6.9,6.9,Moderate,26-35,6-8 jam,2,Kesepian Ringan
USR00753,20,Female,YouTube,5.2,8.9,6.4,1.8,6.9,6.0,4.0,Severe,18-25,,4,Tidak Kesepian
USR00754,39,Female,YouTube,7.0,3.7,3.3,5.3,4.9,5.1,3.4,Severe,36-45,<6 jam,4,Kesepian Sedang
USR00755,22,Male,Instagram,9.2,2.4,3.2,5.0,5.8,6.3,6.4,Moderate,18-25,6-8 jam,2,Kesepian Ringan
USR00756,15,Female,Instagram,4.4,8.0,3.2,2.8,6.4,7.1,6.8,Low,<18,6-8 jam,1,Kesepian Ringan
USR00757,25,Male,Instagram,4.7,1.9,3.3,7.0,3.7,6.8,5.5,High,18-25,,3,Kesepian Sedang
USR00758,27,Female,Facebook,1.5,5.3,3.7,5.1,7.7,6.5,7.2,Low,26-35,6-8 jam,1,Kesepian Sedang
USR00759,39,Female,TikTok,4.8,5.6,1.9,3.9,5.9,4.6,6.3,Moderate,36-45,<6 jam,2,Kesepian Ringan
USR00760,30,Male,TikTok,8.1,3.7,5.6,6.9,4.1,7.5,6.2,High,26-35,6-8 jam,3,Kesepian Sedang
USR00761,43,Female,TikTok,2.8,7.8,5.3,5.2,8.8,8.7,5.8,Severe,36-45,>8 jam,4,Kesepian Sedang
USR00762,36,Female,TikTok,2.5,0.0,5.2,7.7,8.1,3.5,7.2,Moderate,36-45,<6 jam,2,Sangat Kesepian
USR00763,19,Male,Instagram,0.8,7.7,7.6,4.9,7.4,7.0,7.4,Low,18-25,6-8 jam,1,Kesepian Ringan
USR00764,27,Male,Instagram,1.7,9.7,1.6,2.1,5.8,6.8,8.7,Low,26-35,6-8 jam,1,Tidak Kesepian
USR00765,28,Male,Snapchat,1.6,4.8,2.2,2.1,7.5,5.2,6.8,Moderate,26-35,<6 jam,2,Tidak Kesepian
USR00766,15,Non-binary,Instagram,4.5,6.0,0.8,3.1,2.6,6.4,4.4,Severe,<18,6-8 jam,4,Kesepian Ringan
USR00767,35,Female,Twitter/X,5.1,2.7,4.4,5.1,3.1,5.9,7.0,Moderate,26-35,<6 jam,2,Kesepian Sedang
USR00768,38,Non-binary,YouTube,0.5,6.6,3.0,5.2,6.9,5.4,7.7,Low,36-45,<6 jam,1,Kesepian Sedang
USR00769,41,Female,Instagram,5.4,6.3,3.6,9.8,2.5,5.3,3.1,Severe,36-45,<6 jam,4,Sangat Kesepian
USR00770,15,Female,Instagram,7.3,5.2,0.9,5.0,2.1,5.0,9.5,Low,<18,<6 jam,1,Kesepian Ringan
USR00771,37,Male,Facebook,6.3,2.0,6.5,7.2,5.1,7.2,7.2,Moderate,36-45,6-8 jam,2,Kesepian Sedang
USR00772,26,Female,Instagram,2.8,5.1,3.6,4.9,6.1,5.9,6.1,High,26-35,<6 jam,3,Kesepian Ringan
USR00773,26,Male,Instagram,6.2,5.6,4.8,5.7,5.7,7.8,3.7,Severe,26-35,6-8 jam,4,Kesepian Sedang
USR00774,16,Female,Instagram,3.4,3.2,3.9,4.4,2.1,6.2,3.9,Severe,<18,6-8 jam,4,Kesepian Ringan
USR00775,15,Female,Instagram,2.1,4.2,5.1,4.7,5.4,5.8,5.5,High,<18,<6 jam,3,Kesepian Ringan
USR00776,22,Female,Twitter/X,1.4,5.1,5.3,5.9,3.5,6.7,7.0,Low,18-25,6-8 jam,1,Kesepian Sedang
USR00777,21,Male,Instagram,1.3,6.0,3.9,6.2,2.2,6.3,6.5,Moderate,18-25,6-8 jam,2,Kesepian Sedang
USR00778,31,Female,Twitter/X,3.8,3.7,10.0,4.6,5.0,6.7,7.0,Moderate,26-35,6-8 jam,2,Kesepian Ringan
USR00779,18,Female,Instagram,5.8,2.9,3.8,2.1,7.4,8.0,9.3,Low,<18,6-8 jam,1,Tidak Kesepian
USR00780,21,Female,Instagram,0.6,4.7,2.9,3.1,2.5,6.3,7.6,Moderate,18-25,6-8 jam,2,Kesepian Ringan
USR00781,38,Male,YouTube,0.5,3.3,6.6,1.4,6.2,7.6,8.0,Low,36-45,6-8 jam,1,Tidak Kesepian
USR00782,19,Male,Twitter/X,7.0,4.4,4.6,6.1,5.4,6.5,6.1,High,18-25,6-8 jam,3,Kesepian Sedang
USR00783,42,Female,YouTube,2.4,5.1,2.7,4.9,5.4,7.8,4.5,Severe,36-45,6-8 jam,4,Kesepian Ringan
USR00784,23,Female,Instagram,9.3,6.7,4.4,3.7,5.6,5.2,6.7,High,18-25,<6 jam,3,Kesepian Ringan
USR00785,41,Male,TikTok,5.3,1.7,1.8,2.5,4.4,7.8,5.6,Severe,36-45,6-8 jam,4,Tidak Kesepian
USR00786,29,Male,Instagram,5.9,3.0,2.9,5.0,8.6,5.5,6.8,Moderate,26-35,<6 jam,2,Kesepian Ringan
USR00787,38,Non-binary,Instagram,6.5,3.4,3.6,3.6,7.4,7.9,7.5,Low,36-45,6-8 jam,1,Kesepian Ringan
USR00788,24,Male,TikTok,6.7,1.1,3.1,7.8,9.7,4.7,5.1,Severe,18-25,<6 jam,4,Sangat Kesepian
USR00789,37,Female,Instagram,0.8,3.7,3.3,2.6,2.8,3.7,6.7,Moderate,36-45,<6 jam,2,Kesepian Ringan
USR00790,34,Male,Facebook,3.9,8.1,4.2,2.1,3.4,8.5,7.2,Moderate,26-35,>8 jam,2,Tidak Kesepian
USR00791,41,Male,Snapchat,7.4,6.0,4.1,6.0,4.8,5.5,7.1,Moderate,36-45,<6 jam,2,Kesepian Sedang
USR00792,42,Male,TikTok,1.2,4.5,5.1,4.4,4.2,5.9,7.6,Low,36-45,<6 jam,1,Kesepian Ringan
USR00793,40,Male,Snapchat,5.4,6.6,4.1,1.1,6.3,8.7,7.2,Low,36-45,>8 jam,1,Tidak Kesepian
USR00794,17,Male,TikTok,5.2,4.8,0.5,2.7,5.2,9.4,7.3,Moderate,<18,>8 jam,2,Kesepian Ringan
USR00795,36,Female,Instagram,8.7,8.0,0.7,1.5,3.8,5.7,5.2,Severe,36-45,<6 jam,4,Tidak Kesepian
USR00796,27,Female,Facebook,7.3,1.9,7.8,7.2,7.4,10.0,6.4,Moderate,26-35,>8 jam,2,Kesepian Sedang
USR00797,35,Male,TikTok,3.6,3.6,2.2,6.0,7.5,7.1,6.9,Moderate,26-35,6-8 jam,2,Kesepian Sedang
USR00798,25,Female,Twitter/X,1.4,5.2,6.5,3.8,3.8,5.9,7.1,Low,18-25,<6 jam,1,Kesepian Ringan
USR00799,32,Non-binary,YouTube,3.7,10.0,8.6,3.7,4.0,5.7,6.2,High,26-35,<6 jam,3,Kesepian Ringan
USR00800,16,Female,Twitter/X,4.7,3.2,2.0,3.8,1.2,4.1,6.1,Moderate,<18,<6 jam,2,Kesepian Ringan
USR00801,20,Male,Twitter/X,4.4,10.0,3.3,1.7,8.2,7.7,4.9,Severe,18-25,6-8 jam,4,Tidak Kesepian
USR00802,27,Female,YouTube,3.5,7.6,3.2,4.4,5.7,7.6,5.1,Severe,26-35,6-8 jam,4,Kesepian Ringan
USR00803,32,Male,YouTube,2.4,9.1,4.1,7.5,7.9,5.7,5.9,High,26-35,<6 jam,3,Kesepian Sedang
USR00804,33,Non-binary,Instagram,3.0,6.2,3.0,4.2,8.1,6.2,6.4,Moderate,26-35,6-8 jam,2,Kesepian Ringan
USR00805,28,Male,Instagram,3.6,7.0,4.9,7.2,7.2,9.0,3.2,Severe,26-35,>8 jam,4,Kesepian Sedang
USR00806,32,Male,TikTok,2.9,7.7,3.8,1.5,6.2,5.2,4.9,Severe,26-35,<6 jam,4,Tidak Kesepian
USR00807,38,Male,Snapchat,4.9,3.9,4.8,3.8,6.9,5.1,5.6,High,36-45,<6 jam,3,Kesepian Ringan
USR00808,29,Male,Instagram,4.8,7.3,7.6,7.2,2.1,8.0,5.2,Severe,26-35,6-8 jam,4,Kesepian Sedang
USR00809,32,Male,Instagram,4.4,5.7,2.8,2.2,8.1,6.7,5.9,High,26-35,6-8 jam,3,Tidak Kesepian
USR00810,17,Non-binary,Snapchat,7.1,5.8,5.2,4.7,4.7,9.1,8.5,Low,<18,>8 jam,1,Kesepian Ringan
USR00811,23,Female,Instagram,2.3,6.1,3.0,3.2,4.5,5.8,6.2,High,18-25,<6 jam,3,Kesepian Ringan
USR00812,37,Male,YouTube,5.0,4.1,5.4,4.2,4.8,5.7,8.3,Low,36-45,<6 jam,1,Kesepian Ringan
USR00813,28,Non-binary,Instagram,6.7,7.1,7.4,2.5,5.0,3.0,5.1,High,26-35,<6 jam,3,Tidak Kesepian
USR00814,30,Female,Instagram,3.5,3.0,9.1,5.3,5.9,4.7,7.3,Low,26-35,<6 jam,1,Kesepian Sedang
USR00815,20,Female,Facebook,4.8,5.8,6.4,5.7,4.2,8.6,5.6,High,18-25,>8 jam,3,Kesepian Sedang
USR00816,37,Male,Instagram,5.9,4.1,5.8,2.7,4.6,7.2,5.5,High,36-45,6-8 jam,3,Kesepian Ringan
USR00817,23,Male,Facebook,5.6,4.4,0.3,4.3,5.0,8.2,8.1,Low,18-25,>8 jam,1,Kesepian Ringan
USR00818,34,Female,Twitter/X,4.5,4.4,8.8,8.2,10.0,7.6,6.2,Moderate,26-35,6-8 jam,2,Sangat Kesepian
USR00819,33,Female,TikTok,1.8,4.5,5.1,3.6,5.4,3.0,6.5,Moderate,26-35,<6 jam,2,Kesepian Ringan
USR00820,16,Male,Instagram,2.5,5.8,5.4,4.6,2.6,5.8,7.9,Moderate,<18,<6 jam,2,Kesepian Ringan
USR00821,28,Female,Instagram,4.5,6.9,7.9,4.8,3.6,8.2,6.9,Moderate,26-35,>8 jam,2,Kesepian Ringan
USR00822,36,Male,TikTok,3.8,3.6,5.6,8.6,2.9,6.5,7.1,Moderate,36-45,6-8 jam,2,Sangat Kesepian
USR00823,15,Male,TikTok,3.8,3.1,4.2,4.6,5.8,7.7,7.7,Low,<18,6-8 jam,1,Kesepian Ringan
USR00824,35,Female,TikTok,3.3,3.8,2.7,6.2,10.0,7.7,5.8,Severe,26-35,6-8 jam,4,Kesepian Sedang
USR00825,34,Non-binary,Instagram,0.7,3.3,4.2,5.5,6.0,7.9,6.8,Low,26-35,6-8 jam,1,Kesepian Sedang
USR00826,22,Non-binary,Instagram,5.8,6.8,8.8,6.7,5.8,5.8,6.0,High,18-25,<6 jam,3,Kesepian Sedang
USR00827,19,Female,Instagram,2.2,4.6,5.9,2.4,2.9,8.5,5.2,High,18-25,>8 jam,3,Tidak Kesepian
USR00828,44,Male,TikTok,7.9,2.3,2.3,5.4,7.8,5.7,6.0,High,36-45,<6 jam,3,Kesepian Sedang
USR00829,27,Male,Facebook,10.5,4.3,4.5,2.0,5.3,8.5,5.1,Severe,26-35,>8 jam,4,Tidak Kesepian
USR00830,19,Female,Instagram,6.2,2.0,5.7,0.3,0.3,4.9,8.0,Low,18-25,<6 jam,1,Tidak Kesepian
USR00831,15,Non-binary,Snapchat,5.5,5.3,2.4,4.5,6.7,5.5,6.7,Moderate,<18,<6 jam,2,Kesepian Ringan
USR00832,20,Male,Facebook,3.1,6.9,0.0,1.9,6.5,6.5,6.7,Moderate,18-25,6-8 jam,2,Tidak Kesepian
USR00833,17,Female,Twitter/X,3.4,1.9,8.2,8.2,6.3,6.6,6.4,Moderate,<18,6-8 jam,2,Sangat Kesepian
USR00834,30,Female,TikTok,3.6,4.3,7.0,4.0,4.1,6.2,7.5,Low,26-35,6-8 jam,1,Kesepian Ringan
USR00835,36,Male,YouTube,6.7,0.2,8.5,6.8,3.0,9.4,8.5,Low,36-45,>8 jam,1,Kesepian Sedang
USR00836,37,Non-binary,TikTok,4.6,6.3,6.8,4.1,6.0,8.6,7.1,Moderate,36-45,>8 jam,2,Kesepian Ringan
USR00837,24,Female,TikTok,1.0,7.8,9.1,6.9,2.3,6.6,6.4,High,18-25,6-8 jam,3,Kesepian Sedang
USR00838,37,Female,TikTok,6.2,7.9,4.3,10.0,3.6,8.1,5.3,High,36-45,>8 jam,3,Sangat Kesepian
USR00839,38,Female,Instagram,3.4,9.8,5.1,4.6,4.1,4.4,6.2,High,36-45,<6 jam,3,Kesepian Ringan
USR00840,36,Female,Instagram,6.3,4.1,3.3,5.9,1.1,9.7,7.0,Moderate,36-45,>8 jam,2,Kesepian Sedang
USR00841,38,Female,Instagram,4.5,7.1,5.1,3.7,7.1,7.3,4.8,High,36-45,6-8 jam,3,Kesepian Ringan
USR00842,26,Female,Instagram,2.8,7.1,3.5,2.1,1.0,6.3,5.5,High,26-35,6-8 jam,3,Tidak Kesepian
USR00843,35,Male,Facebook,3.5,2.4,6.0,7.2,10.0,6.5,7.6,Low,26-35,6-8 jam,1,Kesepian Sedang
USR00844,25,Male,Twitter/X,6.1,5.8,4.8,2.4,4.9,8.0,7.3,Low,18-25,6-8 jam,1,Tidak Kesepian
USR00845,23,Non-binary,Snapchat,3.3,4.3,7.8,4.7,5.7,4.0,6.8,Moderate,18-25,<6 jam,2,Kesepian Ringan
USR00846,26,Male,Instagram,7.4,2.8,3.4,3.2,3.4,4.0,8.0,Low,26-35,,1,Kesepian Ringan
USR00847,38,Male,YouTube,2.8,1.3,3.6,6.7,5.4,3.9,6.8,Moderate,36-45,<6 jam,2,Kesepian Sedang
USR00848,22,Male,TikTok,7.6,4.2,4.2,6.8,5.1,8.5,5.6,Severe,18-25,>8 jam,4,Kesepian Sedang
USR00849,39,Male,TikTok,1.6,5.6,4.8,3.7,7.2,6.5,8.3,Low,36-45,6-8 jam,1,Kesepian Ringan
USR00850,18,Female,Instagram,2.2,2.9,5.9,0.1,9.9,5.4,6.7,Low,<18,<6 jam,1,Tidak Kesepian
USR00851,30,Male,Instagram,5.0,3.5,7.0,5.7,3.0,5.3,4.6,Severe,26-35,<6 jam,4,Kesepian Sedang
USR00852,34,Male,Facebook,7.7,4.4,3.1,5.6,5.7,5.9,4.6,Severe,26-35,<6 jam,4,Kesepian Sedang
USR00853,22,Female,Instagram,3.9,5.0,3.9,5.8,5.1,9.7,6.2,Moderate,18-25,>8 jam,2,Kesepian Sedang
USR00854,31,Male,Twitter/X,6.2,10.0,5.6,4.1,7.1,7.2,4.3,Severe,26-35,6-8 jam,4,Kesepian Ringan
USR00855,31,Female,Instagram,2.5,8.1,2.4,4.5,5.2,6.3,5.7,High,26-35,6-8 jam,3,Kesepian Ringan
USR00856,21,Female,YouTube,2.3,4.3,1.2,8.6,3.8,5.4,6.1,Moderate,18-25,<6 jam,2,Sangat Kesepian
USR00857,22,Male,TikTok,4.5,2.2,6.9,3.4,4.2,7.3,7.3,Low,18-25,6-8 jam,1,Kesepian Ringan
USR00858,28,Male,Twitter/X,9.1,0.0,4.9,4.1,4.8,6.1,5.1,Severe,26-35,6-8 jam,4,Kesepian Ringan
USR00859,31,Male,Instagram,3.9,8.4,5.4,0.9,3.3,4.7,3.7,Severe,26-35,<6 jam,4,Tidak Kesepian
USR00860,43,Female,Facebook,1.0,6.2,1.4,6.2,4.6,7.3,7.3,Low,36-45,6-8 jam,1,Kesepian Sedang
USR00861,17,Male,YouTube,0.5,5.8,4.6,7.5,5.9,7.4,7.7,Low,<18,6-8 jam,1,Kesepian Sedang
USR00862,22,Non-binary,Twitter/X,4.3,5.1,1.3,4.3,7.7,8.7,7.0,Moderate,18-25,>8 jam,2,Kesepian Ringan
USR00863,19,Male,Instagram,4.0,2.7,3.7,3.6,7.4,7.0,6.8,Moderate,18-25,6-8 jam,2,Kesepian Ringan
USR00864,17,Male,YouTube,3.7,3.3,4.7,4.4,8.3,7.9,8.1,Low,<18,6-8 jam,1,Kesepian Ringan
USR00865,44,Female,YouTube,4.8,5.1,0.9,3.2,9.2,5.1,9.5,Low,36-45,<6 jam,1,Kesepian Ringan
USR00866,20,Non-binary,Instagram,2.8,6.8,8.0,4.9,5.3,7.7,5.9,Moderate,18-25,6-8 jam,2,Kesepian Ringan
USR00867,28,Male,YouTube,7.2,4.4,5.6,5.0,0.5,8.8,6.0,High,26-35,>8 jam,3,Kesepian Ringan
USR00868,39,Male,Twitter/X,5.5,7.1,1.3,5.0,6.5,8.7,7.0,Moderate,36-45,>8 jam,2,Kesepian Ringan
USR00869,15,Female,YouTube,1.4,5.2,1.7,6.9,7.0,4.9,6.5,Moderate,<18,<6 jam,2,Kesepian Sedang
USR00870,36,Non-binary,TikTok,3.1,7.2,4.4,1.0,4.9,5.8,6.4,Moderate,36-45,<6 jam,2,Tidak Kesepian
USR00871,18,Female,Facebook,3.8,7.1,2.8,7.0,6.3,7.3,4.4,Severe,<18,6-8 jam,4,Kesepian Sedang
USR00872,26,Non-binary,Instagram,4.4,3.4,5.5,0.8,2.8,6.1,7.7,Low,26-35,6-8 jam,1,Tidak Kesepian
USR00873,30,Male,Instagram,0.5,2.6,6.0,6.1,3.7,7.7,5.6,High,26-35,6-8 jam,3,Kesepian Sedang
USR00874,41,Non-binary,Instagram,3.6,6.5,4.8,4.8,4.6,5.8,5.4,High,36-45,<6 jam,3,Kesepian Ringan
USR00875,44,Male,Facebook,3.3,5.1,7.0,4.0,6.8,7.1,4.3,Severe,36-45,6-8 jam,4,Kesepian Ringan
USR00876,30,Female,Instagram,0.5,5.6,4.6,6.2,4.7,10.0,8.0,Low,26-35,>8 jam,1,Kesepian Sedang
USR00877,19,Non-binary,TikTok,5.4,7.6,6.3,2.3,7.2,5.5,4.9,High,18-25,<6 jam,3,Tidak Kesepian
USR00878,36,Male,YouTube,4.3,8.8,0.0,3.2,3.6,4.7,6.0,High,36-45,<6 jam,3,Kesepian Ringan
USR00879,29,Female,TikTok,3.2,4.9,4.5,3.3,6.2,6.2,5.5,High,26-35,6-8 jam,3,Kesepian Ringan
USR00880,42,Female,Instagram,3.6,2.1,6.0,2.8,5.7,6.0,8.8,Low,36-45,<6 jam,1,Kesepian Ringan
USR00881,27,Male,Instagram,3.9,3.7,2.2,6.0,5.3,6.1,7.8,Low,26-35,6-8 jam,1,Kesepian Sedang
USR00882,39,Male,Instagram,3.3,3.4,2.0,5.8,6.5,6.9,6.4,High,36-45,6-8 jam,3,Kesepian Sedang
USR00883,25,Female,TikTok,4.2,0.3,7.5,4.9,5.0,4.2,6.9,Low,18-25,<6 jam,1,Kesepian Ringan
USR00884,42,Male,Facebook,5.5,7.0,7.2,3.4,7.5,7.9,5.6,High,36-45,6-8 jam,3,Kesepian Ringan
USR00885,15,Female,TikTok,4.6,3.4,3.4,1.8,5.8,4.9,7.7,Low,<18,<6 jam,1,Tidak Kesepian
USR00886,36,Male,TikTok,3.6,3.3,6.7,7.1,8.0,8.4,7.6,Moderate,36-45,>8 jam,2,Kesepian Sedang
USR00887,40,Male,Snapchat,8.4,5.6,8.6,1.5,3.0,6.9,5.4,High,36-45,6-8 jam,3,Tidak Kesepian
USR00888,28,Male,TikTok,4.0,4.3,3.8,5.2,4.6,4.2,6.5,Moderate,26-35,<6 jam,2,Kesepian Sedang
USR00889,18,Female,Twitter/X,4.5,6.6,6.0,3.9,6.3,6.7,4.1,Severe,<18,6-8 jam,4,Kesepian Ringan
USR00890,20,Male,Facebook,5.0,5.6,4.6,2.9,5.6,5.9,8.3,Low,18-25,<6 jam,1,Kesepian Ringan
USR00891,15,Male,Instagram,3.2,3.0,3.5,3.8,5.8,5.2,5.4,High,<18,<6 jam,3,Kesepian Ringan
USR00892,28,Female,TikTok,1.3,8.7,4.3,3.4,8.1,7.0,6.4,Moderate,26-35,6-8 jam,2,Kesepian Ringan
USR00893,32,Male,Snapchat,9.3,4.5,6.0,4.5,4.7,5.2,4.8,Severe,26-35,<6 jam,4,Kesepian Ringan
USR00894,25,Male,YouTube,4.4,5.7,5.7,5.8,9.3,6.8,7.0,Moderate,18-25,6-8 jam,2,Kesepian Sedang
USR00895,22,Male,Instagram,2.1,6.2,1.5,6.2,4.9,6.8,5.5,High,18-25,6-8 jam,3,Kesepian Sedang
USR00896,38,Female,Instagram,6.2,7.3,5.9,2.3,6.8,6.5,7.4,Moderate,36-45,6-8 jam,2,Tidak Kesepian
USR00897,22,Male,Instagram,3.4,7.4,1.9,3.9,3.2,5.7,6.8,Moderate,18-25,<6 jam,2,Kesepian Ringan
USR00898,17,Male,Snapchat,2.3,4.6,7.3,5.3,3.3,6.0,6.0,High,<18,<6 jam,3,Kesepian Sedang
USR00899,34,Non-binary,Instagram,3.2,4.1,7.8,4.5,4.6,4.9,5.7,High,26-35,<6 jam,3,Kesepian Ringan
USR00900,37,Male,Twitter/X,1.3,9.3,2.8,5.8,10.0,4.2,7.6,Low,36-45,<6 jam,1,Kesepian Sedang
USR00901,27,Female,YouTube,2.1,2.8,7.4,6.6,7.1,6.9,9.3,Low,26-35,6-8 jam,1,Kesepian Sedang
USR00902,35,Male,Snapchat,6.2,0.9,3.3,0.1,8.4,6.4,8.5,Low,26-35,6-8 jam,1,Tidak Kesepian
USR00903,39,Male,YouTube,4.5,6.4,4.4,5.4,7.7,6.6,5.8,High,36-45,,3,Kesepian Sedang
USR00904,17,Female,TikTok,3.7,2.8,3.9,4.6,8.1,6.8,7.1,Moderate,<18,6-8 jam,2,Kesepian Ringan
USR00905,22,Female,Instagram,7.1,2.2,3.8,6.9,9.0,5.3,5.0,High,18-25,<6 jam,3,Kesepian Sedang
USR00906,43,Female,Snapchat,5.8,6.9,3.8,2.3,3.5,4.5,4.9,Severe,36-45,<6 jam,4,Tidak Kesepian
USR00907,20,Male,Instagram,3.4,3.4,7.9,7.4,3.4,7.9,4.7,Severe,18-25,6-8 jam,4,Kesepian Sedang
USR00908,22,Male,YouTube,1.1,5.4,3.8,4.3,6.3,6.6,8.7,Low,18-25,6-8 jam,1,Kesepian Ringan
USR00909,42,Female,Facebook,3.1,7.0,6.5,5.7,1.8,7.1,6.5,Moderate,36-45,6-8 jam,2,Kesepian Sedang
USR00910,33,Non-binary,Snapchat,7.1,6.0,5.4,5.5,6.3,6.0,6.1,High,26-35,<6 jam,3,Kesepian Sedang
USR00911,43,Male,TikTok,2.3,5.8,3.0,5.4,6.6,5.3,8.5,Low,36-45,<6 jam,1,Kesepian Sedang
USR00912,24,Male,Instagram,9.0,6.3,4.7,4.0,7.0,5.9,2.7,Severe,18-25,<6 jam,4,Kesepian Ringan
USR00913,18,Female,Instagram,3.8,5.9,3.8,6.5,4.4,6.0,5.2,Severe,<18,<6 jam,4,Kesepian Sedang
USR00914,15,Female,TikTok,1.3,5.6,2.9,7.3,6.3,6.9,8.6,Low,<18,6-8 jam,1,Kesepian Sedang
USR00915,33,Female,Instagram,3.3,5.6,6.0,4.4,5.5,6.2,6.7,Moderate,26-35,6-8 jam,2,Kesepian Ringan
USR00916,40,Female,YouTube,7.4,4.7,3.5,6.1,4.6,5.8,6.6,Moderate,36-45,<6 jam,2,Kesepian Sedang
USR00917,24,Female,YouTube,2.9,4.3,4.3,0.0,5.4,7.9,9.0,Low,18-25,6-8 jam,1,
USR00918,35,Female,TikTok,5.3,4.9,6.3,3.0,6.1,5.4,6.6,Moderate,26-35,<6 jam,2,Kesepian Ringan
USR00919,41,Male,Twitter/X,5.9,4.1,10.0,2.7,4.8,6.5,8.3,Low,36-45,6-8 jam,1,Kesepian Ringan
USR00920,34,Female,Instagram,3.1,3.0,8.1,7.1,9.7,5.9,7.0,Low,26-35,<6 jam,1,Kesepian Sedang
USR00921,20,Female,TikTok,6.6,3.4,7.8,3.3,3.5,5.6,6.8,Moderate,18-25,,2,Kesepian Ringan
USR00922,37,Male,TikTok,7.4,7.8,3.9,1.9,6.5,5.2,7.1,Moderate,36-45,<6 jam,2,Tidak Kesepian
USR00923,43,Male,Instagram,4.0,4.5,5.6,2.3,6.9,7.9,7.4,Low,36-45,6-8 jam,1,Tidak Kesepian
USR00924,18,Male,Facebook,0.5,6.6,6.3,5.0,6.6,6.7,8.4,Low,<18,6-8 jam,1,Kesepian Ringan
USR00925,30,Female,YouTube,5.0,0.7,5.6,9.1,6.8,4.0,5.3,High,26-35,<6 jam,3,Sangat Kesepian
USR00926,23,Male,Instagram,5.9,6.7,2.7,3.5,6.9,5.2,8.2,Low,18-25,<6 jam,1,Kesepian Ringan
USR00927,19,Female,Instagram,6.3,9.1,5.5,4.0,3.4,7.5,8.8,Low,18-25,6-8 jam,1,Kesepian Ringan
USR00928,42,Female,Facebook,8.3,3.8,6.3,2.2,4.1,7.6,6.9,Moderate,36-45,6-8 jam,2,Tidak Kesepian
USR00929,23,Male,Twitter/X,6.4,5.8,3.9,5.3,2.1,7.7,4.9,High,18-25,6-8 jam,3,Kesepian Sedang
USR00930,16,Male,Instagram,4.4,7.2,5.1,4.6,5.5,4.4,6.0,High,<18,<6 jam,3,Kesepian Ringan
USR00931,35,Male,TikTok,0.5,2.9,7.3,4.2,7.8,6.7,7.8,Low,26-35,6-8 jam,1,Kesepian Ringan
USR00932,17,Male,Instagram,1.8,4.6,2.8,0.0,2.3,5.1,6.1,High,<18,<6 jam,3,
USR00933,29,Non-binary,Instagram,6.8,7.1,6.2,3.9,6.7,6.1,8.2,Low,26-35,6-8 jam,1,Kesepian Ringan
USR00934,26,Male,Twitter/X,1.8,4.2,4.8,5.4,4.5,5.2,7.1,Low,26-35,<6 jam,1,Kesepian Sedang
USR00935,28,Non-binary,TikTok,3.8,4.9,5.5,3.7,5.4,7.2,4.8,Severe,26-35,6-8 jam,4,Kesepian Ringan
USR00936,23,Male,Snapchat,0.6,5.6,0.8,1.0,8.0,7.1,8.0,Low,18-25,6-8 jam,1,Tidak Kesepian
USR00937,36,Male,Instagram,3.7,6.1,8.8,3.2,6.1,6.4,5.3,Severe,36-45,6-8 jam,4,Kesepian Ringan
USR00938,26,Female,Facebook,1.6,4.9,10.0,5.6,3.2,6.2,6.1,Moderate,26-35,6-8 jam,2,Kesepian Sedang
USR00939,15,Male,Instagram,5.3,3.2,3.8,5.5,6.0,4.3,3.7,Severe,<18,<6 jam,4,Kesepian Sedang
USR00940,25,Male,YouTube,4.1,7.5,7.4,5.2,6.9,8.5,6.5,High,18-25,>8 jam,3,Kesepian Sedang
USR00941,24,Female,Twitter/X,5.1,7.7,3.3,6.8,6.3,7.0,6.0,High,18-25,6-8 jam,3,Kesepian Sedang
USR00942,39,Male,Twitter/X,1.0,5.0,4.1,6.3,2.3,6.8,5.4,Severe,36-45,6-8 jam,4,Kesepian Sedang
USR00943,32,Female,Instagram,3.9,2.6,0.4,4.5,5.5,5.6,5.6,High,26-35,<6 jam,3,Kesepian Ringan
USR00944,16,Male,Instagram,6.2,6.5,5.2,2.1,7.2,7.2,7.1,Low,<18,6-8 jam,1,Tidak Kesepian
USR00945,42,Male,TikTok,4.6,3.3,4.7,6.8,4.3,5.5,5.8,High,36-45,<6 jam,3,Kesepian Sedang
USR00946,26,Non-binary,YouTube,3.0,5.0,4.8,8.6,5.1,5.7,5.3,High,26-35,<6 jam,3,Sangat Kesepian
USR00947,19,Female,Facebook,4.1,3.1,7.7,4.1,10.0,6.0,7.0,Low,18-25,<6 jam,1,Kesepian Ringan
USR00948,16,Male,YouTube,6.1,2.1,5.1,2.2,6.4,6.5,6.6,High,<18,6-8 jam,3,Tidak Kesepian
USR00949,24,Male,TikTok,5.6,1.6,7.5,6.5,3.7,9.1,7.4,Low,18-25,>8 jam,1,Kesepian Sedang
USR00950,44,Male,TikTok,5.7,6.9,7.9,2.4,3.9,4.5,7.6,Low,36-45,<6 jam,1,Tidak Kesepian
USR00951,29,Male,Facebook,5.0,8.0,2.0,5.1,4.3,7.7,8.7,Low,26-35,6-8 jam,1,Kesepian Sedang
USR00952,17,Female,TikTok,6.0,5.9,1.0,4.8,7.1,5.0,4.8,Severe,<18,<6 jam,4,Kesepian Ringan
USR00953,24,Male,YouTube,3.9,3.8,1.2,4.6,7.0,3.0,5.2,High,18-25,<6 jam,3,Kesepian Ringan
USR00954,26,Male,Instagram,4.0,6.6,5.8,6.0,6.2,6.2,6.7,Moderate,26-35,6-8 jam,2,Kesepian Sedang
USR00955,37,Male,TikTok,1.7,6.3,5.5,6.7,4.7,8.1,5.1,High,36-45,>8 jam,3,Kesepian Sedang
USR00956,40,Male,Instagram,3.8,7.1,4.1,0.0,7.4,4.4,5.8,High,36-45,<6 jam,3,
USR00957,40,Female,Snapchat,3.7,6.8,6.5,2.6,2.8,7.1,4.7,Severe,36-45,6-8 jam,4,Kesepian Ringan
USR00958,16,Male,Instagram,7.7,4.0,5.6,2.8,4.9,9.0,6.4,Moderate,<18,>8 jam,2,Kesepian Ringan
USR00959,17,Male,Instagram,1.9,5.1,2.7,5.2,5.8,4.0,5.1,High,<18,<6 jam,3,Kesepian Sedang
USR00960,32,Male,Instagram,4.9,8.2,0.7,3.8,3.1,6.1,5.2,Severe,26-35,6-8 jam,4,Kesepian Ringan
USR00961,20,Male,Instagram,3.7,2.4,5.3,5.2,4.6,6.6,8.6,Low,18-25,6-8 jam,1,Kesepian Sedang
USR00962,30,Male,Facebook,4.4,6.2,4.0,6.2,6.7,7.4,6.0,High,26-35,6-8 jam,3,Kesepian Sedang
USR00963,42,Male,YouTube,6.7,4.7,4.2,7.2,9.3,7.0,7.1,Moderate,36-45,6-8 jam,2,Kesepian Sedang
USR00964,21,Non-binary,Instagram,4.2,0.0,5.7,6.5,9.8,5.4,9.3,Low,18-25,<6 jam,1,Kesepian Sedang
USR00965,33,Male,YouTube,2.3,3.2,4.4,5.8,5.3,4.9,7.8,Low,26-35,,1,Kesepian Sedang
USR00966,29,Female,Twitter/X,4.6,6.4,3.5,6.9,4.9,4.4,5.5,Moderate,26-35,<6 jam,2,Kesepian Sedang
USR00967,37,Female,Instagram,6.5,2.6,0.8,2.1,5.7,8.5,5.6,High,36-45,>8 jam,3,Tidak Kesepian
USR00968,39,Female,YouTube,6.2,5.0,6.4,3.8,5.7,7.3,7.3,Moderate,36-45,,2,Kesepian Ringan
USR00969,32,Female,Instagram,5.9,3.2,4.7,8.0,3.3,6.1,3.5,Severe,26-35,6-8 jam,4,Sangat Kesepian
USR00970,37,Non-binary,TikTok,1.4,4.8,2.3,2.2,7.3,5.6,6.2,Moderate,36-45,,2,Tidak Kesepian
USR00971,31,Female,Snapchat,6.4,0.9,2.5,4.2,5.0,5.0,7.8,Low,26-35,<6 jam,1,Kesepian Ringan
USR00972,31,Male,Snapchat,3.3,5.7,4.9,7.7,4.6,6.4,7.2,Moderate,26-35,6-8 jam,2,Sangat Kesepian
USR00973,20,Female,Snapchat,1.7,4.9,9.6,5.6,4.1,5.8,5.4,Moderate,18-25,<6 jam,2,Kesepian Sedang
USR00974,32,Female,TikTok,5.1,7.5,4.4,6.3,2.2,6.4,6.4,Moderate,26-35,6-8 jam,2,Kesepian Sedang
USR00975,22,Female,Twitter/X,1.2,4.9,2.6,2.1,3.5,7.4,7.9,Low,18-25,6-8 jam,1,Tidak Kesepian
USR00976,43,Male,Twitter/X,5.0,6.0,10.0,4.6,4.8,7.9,5.0,High,36-45,6-8 jam,3,Kesepian Ringan
USR00977,35,Female,Facebook,7.9,1.6,4.4,7.3,7.3,4.3,8.3,Low,26-35,<6 jam,1,Kesepian Sedang
USR00978,43,Male,YouTube,3.2,6.2,6.7,5.9,7.8,5.7,7.5,Low,36-45,<6 jam,1,Kesepian Sedang
USR00979,17,Male,Facebook,2.4,2.5,6.9,2.4,4.2,7.7,6.0,High,<18,6-8 jam,3,Tidak Kesepian
USR00980,37,Male,Snapchat,6.8,4.2,4.8,0.3,7.7,7.1,6.4,Moderate,36-45,6-8 jam,2,Tidak Kesepian
USR00981,19,Male,Instagram,5.8,6.0,3.9,6.4,3.4,5.7,5.9,Moderate,18-25,<6 jam,2,Kesepian Sedang
USR00982,29,Female,Instagram,6.3,3.4,5.5,4.6,5.5,4.6,7.7,Low,26-35,<6 jam,1,Kesepian Ringan
USR00983,16,Female,TikTok,0.5,6.2,0.0,4.6,5.9,4.4,5.2,Severe,<18,<6 jam,4,Kesepian Ringan
USR00984,22,Male,Twitter/X,2.5,4.0,2.4,2.6,6.1,6.6,8.5,Low,18-25,6-8 jam,1,Kesepian Ringan
USR00985,34,Female,YouTube,8.4,4.1,5.4,4.1,8.6,6.2,6.3,Moderate,26-35,6-8 jam,2,Kesepian Ringan
USR00986,15,Non-binary,YouTube,2.6,4.6,5.8,5.7,6.1,3.0,7.4,Low,<18,<6 jam,1,Kesepian Sedang
USR00987,39,Female,TikTok,3.4,4.7,3.5,6.8,6.3,8.6,7.0,Low,36-45,>8 jam,1,Kesepian Sedang
USR00988,32,Male,TikTok,4.7,4.9,7.0,3.9,3.2,7.7,4.9,Severe,26-35,,4,Kesepian Ringan
USR00989,37,Female,YouTube,4.9,9.7,5.3,10.0,7.7,6.8,7.3,Moderate,36-45,6-8 jam,2,Sangat Kesepian
USR00990,25,Male,YouTube,4.0,2.1,0.2,2.3,6.8,9.1,6.5,Moderate,18-25,>8 jam,2,Tidak Kesepian
USR00991,31,Female,Snapchat,0.5,6.4,2.9,4.0,6.0,6.9,7.2,Moderate,26-35,6-8 jam,2,Kesepian Ringan
USR00992,24,Female,Instagram,5.6,5.7,2.8,3.3,7.6,4.2,2.8,Severe,18-25,<6 jam,4,Kesepian Ringan
USR00993,15,Male,YouTube,1.8,4.7,2.8,3.9,3.6,6.6,7.1,Moderate,<18,6-8 jam,2,Kesepian Ringan
USR00994,38,Female,YouTube,6.5,6.2,3.8,4.5,3.7,8.6,8.0,Low,36-45,>8 jam,1,Kesepian Ringan
USR00995,34,Female,YouTube,7.1,6.6,2.9,5.7,4.1,6.2,5.0,High,26-35,6-8 jam,3,Kesepian Sedang
USR00996,26,Female,TikTok,5.9,7.0,2.2,1.3,4.1,8.0,6.1,High,26-35,6-8 jam,3,Tidak Kesepian
USR00997,41,Male,YouTube,4.7,4.0,2.9,1.8,8.0,6.9,5.6,High,36-45,6-8 jam,3,Tidak Kesepian
USR00998,34,Female,Twitter/X,8.0,6.8,3.7,2.4,6.3,6.6,5.5,High,26-35,6-8 jam,3,Tidak Kesepian
USR00999,33,Male,Instagram,8.2,5.3,1.6,5.2,5.5,7.5,5.1,Severe,26-35,6-8 jam,4,Kesepian Sedang
USR01000,27,Female,Twitter/X,6.5,7.4,10.0,4.4,4.0,8.0,5.0,High,26-35,6-8 jam,3,Kesepian Ringan
USR01001,33,Female,Instagram,3.3,6.3,2.8,3.6,7.0,5.2,6.5,High,26-35,<6 jam,3,Kesepian Ringan
USR01002,40,Male,Facebook,5.3,3.4,5.7,7.1,3.6,6.7,6.3,Moderate,36-45,6-8 jam,2,Kesepian Sedang
USR01003,15,Female,TikTok,2.4,3.5,0.7,10.0,4.5,7.0,7.3,Low,<18,6-8 jam,1,Sangat Kesepian
USR01004,40,Female,TikTok,7.7,2.8,3.5,2.5,1.6,6.7,3.3,Severe,36-45,6-8 jam,4,Tidak Kesepian
USR01005,27,Male,Instagram,5.2,2.1,5.1,1.5,3.3,5.5,5.5,High,26-35,<6 jam,3,Tidak Kesepian
USR01006,28,Female,Instagram,7.5,9.1,3.5,7.8,7.1,5.8,6.2,Severe,26-35,<6 jam,4,Sangat Kesepian
USR01007,36,Female,Instagram,0.5,0.7,5.9,8.4,7.8,4.1,8.1,Low,36-45,<6 jam,1,Sangat Kesepian
USR01008,31,Non-binary,YouTube,3.2,1.7,10.0,5.6,3.0,6.9,4.7,High,26-35,6-8 jam,3,Kesepian Sedang
USR01009,29,Female,YouTube,3.3,2.7,6.4,6.5,8.1,6.9,6.2,High,26-35,6-8 jam,3,Kesepian Sedang
USR01010,42,Female,TikTok,3.5,9.1,2.5,4.3,7.1,7.8,5.8,High,36-45,6-8 jam,3,Kesepian Ringan
USR01011,43,Female,Snapchat,1.7,6.0,4.4,5.8,6.3,4.4,7.1,Moderate,36-45,<6 jam,2,Kesepian Sedang
USR01012,33,Male,Instagram,5.4,3.5,0.0,3.6,3.3,3.7,5.6,Severe,26-35,<6 jam,4,Kesepian Ringan
USR01013,30,Male,TikTok,2.5,3.0,6.4,6.6,10.0,7.4,7.4,Moderate,26-35,6-8 jam,2,Kesepian Sedang
USR01014,25,Male,TikTok,8.5,8.3,3.1,0.4,3.9,7.0,5.4,High,18-25,6-8 jam,3,Tidak Kesepian
USR01015,41,Male,Instagram,3.6,5.7,2.8,5.4,2.1,6.1,4.4,Severe,36-45,6-8 jam,4,Kesepian Sedang
USR01016,43,Non-binary,YouTube,3.4,5.3,5.4,3.7,7.3,7.1,7.6,Low,36-45,6-8 jam,1,Kesepian Ringan
USR01017,34,Female,TikTok,2.9,4.9,3.0,4.2,5.8,6.1,4.8,High,26-35,6-8 jam,3,Kesepian Ringan
USR01018,25,Female,Instagram,5.7,2.3,4.3,4.4,4.1,5.1,6.0,Moderate,18-25,<6 jam,2,Kesepian Ringan
USR01019,30,Male,TikTok,5.2,2.2,3.2,4.0,4.7,7.2,6.2,High,26-35,6-8 jam,3,Kesepian Ringan
USR01020,36,Male,Facebook,2.3,2.5,4.4,5.7,5.0,3.6,7.3,Low,36-45,<6 jam,1,Kesepian Sedang
USR01021,27,Male,YouTube,0.5,5.8,5.5,4.7,4.0,6.7,9.5,Low,26-35,6-8 jam,1,Kesepian Ringan
USR01022,26,Non-binary,Instagram,3.6,5.7,8.3,5.6,3.0,6.6,8.1,Low,26-35,,1,Kesepian Sedang
USR01023,40,Female,Snapchat,2.6,0.2,7.0,7.1,6.7,6.4,8.2,Low,36-45,6-8 jam,1,Kesepian Sedang
USR01024,15,Female,Instagram,4.4,10.0,5.8,2.2,5.4,8.5,7.6,Low,<18,>8 jam,1,Tidak Kesepian
USR01025,39,Female,TikTok,2.5,4.6,7.0,1.5,4.2,4.7,6.5,Low,36-45,<6 jam,1,Tidak Kesepian
USR01026,15,Female,TikTok,5.1,3.9,6.7,6.3,6.7,6.4,4.6,Severe,<18,6-8 jam,4,Kesepian Sedang
USR01027,22,Male,Twitter/X,1.9,4.0,4.4,2.6,6.8,3.3,6.3,High,18-25,<6 jam,3,Kesepian Ringan
USR01028,31,Male,Twitter/X,5.0,5.7,2.2,2.5,8.2,6.1,6.8,Moderate,26-35,6-8 jam,2,Tidak Kesepian
USR01029,29,Female,Instagram,3.9,5.3,3.4,2.4,1.0,4.9,5.5,High,26-35,<6 jam,3,Tidak Kesepian
USR01030,20,Female,Snapchat,6.5,7.7,3.7,2.4,7.7,5.1,9.1,Low,18-25,<6 jam,1,Tidak Kesepian
USR01031,41,Female,TikTok,4.1,5.2,3.0,6.4,5.6,7.3,7.3,Moderate,36-45,6-8 jam,2,Kesepian Sedang
USR01032,22,Non-binary,YouTube,5.8,6.8,5.7,6.5,9.0,8.4,4.8,High,18-25,>8 jam,3,Kesepian Sedang
USR01033,29,Female,Instagram,3.8,6.6,3.2,6.1,4.3,6.2,5.3,High,26-35,6-8 jam,3,Kesepian Sedang
USR01034,42,Female,Instagram,4.0,4.8,5.9,4.0,4.1,4.4,6.9,Moderate,36-45,<6 jam,2,Kesepian Ringan
USR01035,34,Female,YouTube,2.9,7.1,9.2,1.7,6.2,6.6,7.1,Moderate,26-35,6-8 jam,2,Tidak Kesepian
USR01036,32,Male,Snapchat,1.6,2.5,1.2,4.2,8.5,7.7,7.0,Low,26-35,6-8 jam,1,Kesepian Ringan
USR01037,31,Non-binary,Instagram,4.8,3.9,6.7,3.3,8.4,7.2,6.8,Moderate,26-35,6-8 jam,2,Kesepian Ringan
USR01038,17,Female,Facebook,4.4,6.2,5.2,4.3,5.8,4.4,5.6,High,<18,<6 jam,3,Kesepian Ringan
USR01039,37,Female,YouTube,7.9,5.5,5.1,3.3,3.1,6.6,6.9,Moderate,36-45,6-8 jam,2,Kesepian Ringan
USR01040,32,Female,Facebook,5.4,4.2,4.5,4.5,9.8,6.4,6.0,High,26-35,6-8 jam,3,Kesepian Ringan
USR01041,39,Non-binary,Instagram,8.5,5.3,8.6,3.2,3.7,5.5,6.8,Moderate,36-45,<6 jam,2,Kesepian Ringan
USR01042,16,Male,TikTok,8.7,3.3,5.3,5.4,6.6,5.4,4.3,Severe,<18,<6 jam,4,Kesepian Sedang
USR01043,29,Female,Snapchat,5.0,1.9,6.6,3.2,6.7,7.1,8.1,Low,26-35,6-8 jam,1,Kesepian Ringan
USR01044,17,Non-binary,YouTube,2.2,5.2,8.0,5.6,2.6,7.6,5.4,Severe,<18,6-8 jam,4,Kesepian Sedang
USR01045,33,Male,Instagram,4.0,1.7,5.9,6.1,4.2,7.5,6.4,Moderate,26-35,6-8 jam,2,Kesepian Sedang
USR01046,30,Male,Facebook,6.7,4.1,3.8,6.3,6.0,4.8,6.5,Moderate,26-35,<6 jam,2,Kesepian Sedang
USR01047,24,Non-binary,TikTok,4.3,5.5,1.9,1.7,4.4,6.8,7.7,Low,18-25,6-8 jam,1,Tidak Kesepian
USR01048,38,Female,Snapchat,6.9,6.5,9.1,3.3,2.2,7.4,2.7,Severe,36-45,6-8 jam,4,Kesepian Ringan
USR01049,31,Male,TikTok,3.7,8.4,3.8,4.9,5.5,6.9,8.0,Low,26-35,6-8 jam,1,Kesepian Ringan
USR01050,19,Female,YouTube,4.7,6.3,6.8,3.2,5.9,7.0,5.5,High,18-25,6-8 jam,3,Kesepian Ringan
USR01051,28,Female,Instagram,6.5,4.7,5.3,3.3,5.6,4.6,5.2,High,26-35,<6 jam,3,Kesepian Ringan
USR01052,27,Female,YouTube,5.9,3.4,3.4,6.9,4.9,6.0,8.2,Low,26-35,<6 jam,1,Kesepian Sedang
USR01053,19,Female,YouTube,5.2,5.5,5.3,3.9,5.5,6.5,5.8,High,18-25,6-8 jam,3,Kesepian Ringan
USR01054,31,Female,Instagram,5.0,9.2,5.1,4.5,5.8,5.7,5.9,High,26-35,<6 jam,3,Kesepian Ringan
USR01055,20,Female,Instagram,5.8,8.6,6.0,4.5,6.0,3.0,5.4,High,18-25,<6 jam,3,Kesepian Ringan
USR01056,35,Female,TikTok,4.3,3.6,5.3,5.4,6.1,8.6,4.6,Severe,26-35,>8 jam,4,Kesepian Sedang
USR01057,22,Male,YouTube,6.7,3.4,3.0,7.9,6.3,6.8,6.1,Moderate,18-25,6-8 jam,2,Sangat Kesepian
USR01058,28,Male,Instagram,3.2,7.0,3.2,1.1,7.3,6.2,8.6,Low,26-35,6-8 jam,1,Tidak Kesepian
USR01059,16,Male,Snapchat,11.1,2.3,5.1,5.9,6.1,5.8,7.0,Moderate,<18,<6 jam,2,Kesepian Sedang
USR01060,41,Non-binary,Facebook,5.0,3.3,4.8,5.1,4.9,3.0,8.2,Low,36-45,<6 jam,1,Kesepian Sedang
USR01061,15,Female,TikTok,2.7,2.2,4.4,2.5,6.1,8.0,7.4,Low,<18,6-8 jam,1,Tidak Kesepian
USR01062,30,Female,Instagram,1.0,6.1,6.5,4.0,8.5,7.1,4.9,High,26-35,,3,Kesepian Ringan
USR01063,41,Non-binary,TikTok,2.5,4.8,4.4,1.1,5.2,6.2,4.3,Severe,36-45,6-8 jam,4,Tidak Kesepian
USR01064,28,Male,Twitter/X,5.4,3.2,1.3,8.6,6.6,6.4,8.0,Low,26-35,6-8 jam,1,Sangat Kesepian
USR01065,26,Male,TikTok,3.4,4.2,4.5,2.1,3.7,7.2,5.6,High,26-35,6-8 jam,3,Tidak Kesepian
USR01066,22,Male,YouTube,7.0,4.0,3.9,9.0,8.1,7.4,5.3,High,18-25,6-8 jam,3,Sangat Kesepian
USR01067,26,Non-binary,Facebook,3.7,4.0,5.2,4.9,6.6,9.9,5.0,Severe,26-35,>8 jam,4,Kesepian Ringan
USR01068,16,Female,TikTok,2.2,3.8,5.1,8.7,6.2,10.0,4.1,Severe,<18,>8 jam,4,Sangat Kesepian
USR01069,20,Male,Instagram,3.8,9.3,4.9,3.8,5.2,5.7,4.7,Severe,18-25,<6 jam,4,Kesepian Ringan
USR01070,37,Male,TikTok,3.3,3.0,3.2,2.3,4.9,9.9,7.1,Moderate,36-45,>8 jam,2,Tidak Kesepian
USR01071,39,Male,TikTok,4.1,4.9,3.2,2.4,7.4,7.8,5.1,Severe,36-45,6-8 jam,4,Tidak Kesepian
USR01072,41,Non-binary,Instagram,2.0,5.4,10.0,2.6,5.0,5.4,5.9,Moderate,36-45,<6 jam,2,Kesepian Ringan
USR01073,35,Male,TikTok,4.2,8.3,3.5,3.6,4.7,5.1,6.7,Moderate,26-35,<6 jam,2,Kesepian Ringan
USR01074,15,Male,Facebook,0.5,5.3,2.6,2.4,8.0,8.3,8.5,Low,<18,>8 jam,1,Tidak Kesepian
USR01075,21,Female,Snapchat,4.8,7.2,6.6,4.1,4.1,9.2,6.1,High,18-25,>8 jam,3,Kesepian Ringan
USR01076,40,Non-binary,Twitter/X,4.2,4.1,5.4,5.1,4.1,6.0,6.3,Moderate,36-45,<6 jam,2,Kesepian Sedang
USR01077,34,Female,YouTube,4.1,6.8,4.5,3.4,5.5,7.0,6.9,Moderate,26-35,6-8 jam,2,Kesepian Ringan
USR01078,43,Male,TikTok,2.7,9.6,0.0,5.1,6.3,5.1,4.9,High,36-45,<6 jam,3,Kesepian Sedang
USR01079,33,Female,Twitter/X,4.4,5.0,8.8,2.0,5.3,6.4,5.9,High,26-35,6-8 jam,3,Tidak Kesepian
USR01080,31,Non-binary,Facebook,4.9,0.2,6.4,5.8,3.2,7.1,7.5,Low,26-35,6-8 jam,1,Kesepian Sedang
USR01081,16,Non-binary,Instagram,0.7,4.0,5.0,3.4,4.7,7.4,8.8,Low,<18,6-8 jam,1,Kesepian Ringan
USR01082,27,Male,TikTok,6.6,8.7,4.5,7.1,5.6,7.9,4.7,Severe,26-35,6-8 jam,4,Kesepian Sedang
USR01083,25,Female,YouTube,4.1,3.5,4.1,3.6,6.5,7.0,8.3,Low,18-25,6-8 jam,1,Kesepian Ringan
USR01084,25,Male,Facebook,5.5,4.0,4.1,5.5,2.5,9.3,4.9,Severe,18-25,>8 jam,4,Kesepian Sedang
USR01085,31,Male,Instagram,7.8,6.6,5.7,3.3,2.8,4.8,4.6,Severe,26-35,<6 jam,4,Kesepian Ringan
USR01086,23,Male,Instagram,1.8,6.2,3.1,4.9,4.4,8.3,7.0,Moderate,18-25,>8 jam,2,Kesepian Ringan
USR01087,17,Male,Facebook,2.3,6.0,5.7,5.5,6.0,6.6,5.1,High,<18,6-8 jam,3,Kesepian Sedang
USR01088,22,Female,YouTube,2.4,9.3,4.8,0.5,4.1,6.5,7.2,Moderate,18-25,6-8 jam,2,Tidak Kesepian
USR01089,32,Male,Instagram,4.6,5.8,4.0,3.6,3.8,6.7,6.8,Moderate,26-35,6-8 jam,2,Kesepian Ringan
USR01090,30,Female,TikTok,2.3,4.6,6.5,2.1,5.6,8.5,5.9,High,26-35,>8 jam,3,Tidak Kesepian
USR01091,28,Female,TikTok,2.6,7.9,5.6,5.6,4.3,7.0,7.2,Low,26-35,6-8 jam,1,Kesepian Sedang
USR01092,40,Non-binary,Instagram,8.3,4.2,4.7,7.6,2.8,7.1,4.6,Severe,36-45,6-8 jam,4,Sangat Kesepian
USR01093,21,Female,Facebook,3.9,6.5,6.9,3.1,8.5,7.0,5.8,Moderate,18-25,,2,Kesepian Ringan
USR01094,40,Female,Instagram,5.4,7.3,2.5,6.0,1.9,6.9,5.0,Severe,36-45,6-8 jam,4,Kesepian Sedang
USR01095,35,Male,Instagram,6.7,6.1,3.5,5.4,3.3,7.3,4.9,Severe,26-35,6-8 jam,4,Kesepian Sedang
USR01096,37,Male,TikTok,7.7,2.5,2.4,3.7,1.3,7.0,6.2,Moderate,36-45,6-8 jam,2,Kesepian Ringan
USR01097,23,Non-binary,TikTok,1.4,4.2,6.9,3.9,7.4,8.3,7.2,Moderate,18-25,>8 jam,2,Kesepian Ringan
USR01098,32,Female,Snapchat,5.4,7.5,8.5,7.1,4.7,7.2,7.0,Moderate,26-35,6-8 jam,2,Kesepian Sedang
USR01099,22,Male,Snapchat,6.2,6.8,3.1,3.0,4.8,5.6,2.5,Severe,18-25,<6 jam,4,Kesepian Ringan
USR01100,25,Female,TikTok,7.0,3.1,4.9,3.9,7.9,4.6,5.6,High,18-25,<6 jam,3,Kesepian Ringan
USR01101,24,Female,Instagram,5.3,7.7,2.3,5.6,5.8,6.6,4.9,Severe,18-25,6-8 jam,4,Kesepian Sedang
USR01102,42,Female,Instagram,3.6,6.5,7.1,7.2,4.8,4.4,6.9,Moderate,36-45,<6 jam,2,Kesepian Sedang
USR01103,20,Female,Twitter/X,4.9,5.3,2.2,8.9,8.8,7.9,8.9,Low,18-25,6-8 jam,1,Sangat Kesepian
USR01104,44,Non-binary,Snapchat,4.6,1.3,4.7,2.9,6.7,6.0,7.7,Moderate,36-45,<6 jam,2,Kesepian Ringan
USR01105,41,Female,Instagram,3.8,2.3,6.5,2.6,1.5,7.0,6.1,High,36-45,6-8 jam,3,Kesepian Ringan
USR01106,23,Female,Instagram,3.2,5.2,2.9,1.7,8.1,7.2,5.1,Severe,18-25,6-8 jam,4,Tidak Kesepian
USR01107,21,Male,Snapchat,4.3,3.9,2.3,3.4,4.6,5.9,4.9,Severe,18-25,<6 jam,4,Kesepian Ringan
USR01108,32,Female,TikTok,3.9,5.7,4.7,5.0,4.8,7.4,7.2,Moderate,26-35,6-8 jam,2,Kesepian Ringan
USR01109,29,Female,Facebook,5.1,3.1,0.1,3.3,2.8,4.1,6.2,Moderate,26-35,<6 jam,2,Kesepian Ringan
USR01110,15,Male,Twitter/X,3.1,4.2,8.1,2.7,4.9,9.1,8.6,Low,<18,>8 jam,1,Kesepian Ringan
USR01111,38,Male,Instagram,2.3,6.5,1.7,2.0,3.8,5.7,5.7,High,36-45,<6 jam,3,Tidak Kesepian
USR01112,15,Female,Instagram,3.5,7.6,4.2,6.5,5.0,6.8,6.2,High,<18,,3,Kesepian Sedang
USR01113,22,Male,Facebook,4.0,3.5,7.4,6.9,6.3,8.0,8.3,Low,18-25,6-8 jam,1,Kesepian Sedang
USR01114,15,Male,YouTube,6.9,6.8,5.1,5.0,3.3,8.5,5.3,High,<18,>8 jam,3,Kesepian Ringan
USR01115,42,Male,Snapchat,3.6,7.7,5.0,7.6,7.1,7.7,5.7,Moderate,36-45,6-8 jam,2,Sangat Kesepian
USR01116,42,Female,Instagram,0.5,5.2,5.9,5.6,5.2,3.5,6.9,Low,36-45,<6 jam,1,Kesepian Sedang
USR01117,18,Male,TikTok,9.4,6.0,7.0,1.7,4.2,7.7,5.7,Severe,<18,6-8 jam,4,Tidak Kesepian
USR01118,41,Male,YouTube,7.2,6.0,5.0,1.5,5.2,7.6,6.8,Moderate,36-45,,2,Tidak Kesepian
USR01119,31,Male,TikTok,5.8,6.0,4.1,2.5,4.0,7.5,6.3,High,26-35,6-8 jam,3,Tidak Kesepian
USR01120,35,Female,Facebook,5.6,2.6,5.6,4.8,5.6,8.8,7.2,Low,26-35,>8 jam,1,Kesepian Ringan
USR01121,15,Male,Twitter/X,4.6,3.2,6.6,4.9,7.7,6.5,6.1,High,<18,6-8 jam,3,Kesepian Ringan
USR01122,42,Female,Instagram,8.4,5.2,7.7,4.2,7.6,4.1,6.0,High,36-45,<6 jam,3,Kesepian Ringan
USR01123,23,Female,Instagram,1.8,2.6,4.3,2.7,0.0,5.4,5.9,Moderate,18-25,<6 jam,2,Kesepian Ringan
USR01124,37,Male,Facebook,6.2,6.0,4.8,4.9,5.6,7.9,6.0,High,36-45,6-8 jam,3,Kesepian Ringan
USR01125,17,Male,TikTok,6.2,4.7,5.9,3.9,1.9,7.8,6.2,High,<18,6-8 jam,3,Kesepian Ringan
USR01126,21,Female,Twitter/X,9.8,3.3,7.8,5.0,5.0,6.9,5.7,Severe,18-25,6-8 jam,4,Kesepian Ringan
USR01127,17,Male,TikTok,4.4,4.8,1.7,4.7,5.0,6.3,7.0,Moderate,<18,6-8 jam,2,Kesepian Ringan
USR01128,31,Male,YouTube,7.9,5.4,5.8,4.9,3.6,4.4,6.3,High,26-35,<6 jam,3,Kesepian Ringan
USR01129,32,Male,TikTok,5.5,0.6,5.1,3.9,6.7,6.9,3.7,Severe,26-35,6-8 jam,4,Kesepian Ringan
USR01130,28,Male,YouTube,2.4,0.4,5.5,1.8,7.4,5.7,6.8,Low,26-35,<6 jam,1,Tidak Kesepian
USR01131,28,Female,Instagram,2.1,5.0,8.4,7.2,6.2,6.8,8.5,Low,26-35,6-8 jam,1,Kesepian Sedang
USR01132,37,Male,TikTok,7.2,2.5,6.4,3.7,4.1,7.3,4.3,Severe,36-45,6-8 jam,4,Kesepian Ringan
USR01133,43,Male,TikTok,1.9,3.9,3.8,8.8,3.7,8.5,5.7,High,36-45,>8 jam,3,Sangat Kesepian
USR01134,19,Male,Instagram,3.9,6.5,3.5,2.7,9.6,5.4,6.8,Low,18-25,<6 jam,1,Kesepian Ringan
USR01135,40,Male,Facebook,8.3,4.1,4.1,3.7,5.6,6.8,7.2,Moderate,36-45,6-8 jam,2,Kesepian Ringan
USR01136,30,Female,Instagram,2.5,3.1,5.8,1.3,4.5,5.5,7.7,Low,26-35,<6 jam,1,Tidak Kesepian
USR01137,35,Female,TikTok,5.8,6.0,6.1,1.1,3.4,6.9,7.1,Low,26-35,6-8 jam,1,Tidak Kesepian
USR01138,32,Female,TikTok,8.9,5.2,5.7,1.0,7.4,7.6,5.6,High,26-35,6-8 jam,3,Tidak Kesepian
USR01139,22,Male,Instagram,8.0,3.9,6.5,2.2,4.6,8.7,7.0,Moderate,18-25,>8 jam,2,Tidak Kesepian
USR01140,37,Female,Snapchat,6.3,5.9,9.3,4.4,7.6,7.1,7.1,Low,36-45,6-8 jam,1,Kesepian Ringan
USR01141,33,Non-binary,TikTok,3.0,3.0,1.1,5.7,8.1,8.3,5.2,High,26-35,>8 jam,3,Kesepian Sedang
USR01142,38,Male,Instagram,8.6,0.0,1.9,8.7,7.0,7.8,6.7,Moderate,36-45,6-8 jam,2,Sangat Kesepian
USR01143,29,Male,Instagram,6.6,9.8,2.8,3.5,5.3,5.6,8.0,Low,26-35,<6 jam,1,Kesepian Ringan
USR01144,31,Male,Twitter/X,4.7,6.6,5.7,5.1,5.4,4.9,7.4,Low,26-35,<6 jam,1,Kesepian Sedang
USR01145,32,Female,TikTok,2.2,6.3,2.7,1.9,6.4,7.8,6.8,Moderate,26-35,6-8 jam,2,Tidak Kesepian
USR01146,22,Male,TikTok,0.5,6.6,6.9,4.5,7.4,7.7,7.2,Moderate,18-25,6-8 jam,2,Kesepian Ringan
USR01147,44,Non-binary,YouTube,5.4,6.7,4.1,1.7,5.4,5.6,6.6,Moderate,36-45,<6 jam,2,Tidak Kesepian
USR01148,22,Male,Snapchat,3.1,2.9,7.1,3.5,6.3,8.6,6.3,High,18-25,>8 jam,3,Kesepian Ringan
USR01149,33,Female,Instagram,0.8,4.7,4.3,2.0,7.2,6.6,8.4,Low,26-35,6-8 jam,1,Tidak Kesepian
USR01150,18,Male,Instagram,6.6,1.6,3.0,5.6,2.0,6.0,4.9,Severe,<18,<6 jam,4,Kesepian Sedang
USR01151,31,Male,Instagram,5.1,6.3,2.9,6.5,3.4,5.7,4.4,Severe,26-35,<6 jam,4,Kesepian Sedang
USR01152,15,Male,Twitter/X,3.2,5.7,4.8,4.6,8.0,7.2,7.3,Low,<18,6-8 jam,1,Kesepian Ringan
USR01153,36,Female,YouTube,3.7,6.8,9.6,2.1,5.0,8.4,6.5,Moderate,36-45,>8 jam,2,Tidak Kesepian
USR01154,44,Male,Twitter/X,4.7,4.4,4.8,6.5,5.4,8.0,5.7,High,36-45,,3,Kesepian Sedang
USR01155,24,Male,Instagram,5.7,5.7,4.5,3.3,6.7,7.5,7.2,Moderate,18-25,6-8 jam,2,Kesepian Ringan
USR01156,40,Male,Instagram,2.6,3.1,5.3,5.3,3.9,6.8,9.3,Low,36-45,,1,Kesepian Sedang
USR01157,28,Male,TikTok,6.6,5.5,6.1,4.7,5.8,6.1,4.2,Severe,26-35,6-8 jam,4,Kesepian Ringan
USR01158,39,Male,YouTube,4.2,5.6,4.6,2.8,7.5,6.9,6.7,Low,36-45,6-8 jam,1,Kesepian Ringan
USR01159,31,Male,Twitter/X,2.4,5.5,5.7,6.8,8.9,10.0,7.5,Moderate,26-35,>8 jam,2,Kesepian Sedang
USR01160,24,Non-binary,YouTube,4.3,4.7,5.0,2.2,7.2,6.1,8.1,Low,18-25,6-8 jam,1,Tidak Kesepian
USR01161,16,Female,TikTok,4.7,0.7,9.2,6.9,8.2,6.3,6.3,Moderate,<18,6-8 jam,2,Kesepian Sedang
USR01162,35,Male,Instagram,7.2,3.6,4.5,3.5,5.5,5.7,4.4,Severe,26-35,<6 jam,4,Kesepian Ringan
USR01163,31,Female,Instagram,6.1,6.4,4.5,0.4,5.9,7.5,6.6,High,26-35,6-8 jam,3,Tidak Kesepian
USR01164,30,Male,Instagram,0.5,4.5,5.5,4.9,5.8,3.0,6.7,Moderate,26-35,<6 jam,2,Kesepian Ringan
USR01165,29,Female,Snapchat,1.9,5.0,2.6,6.0,5.8,5.8,5.6,High,26-35,<6 jam,3,Kesepian Sedang
USR01166,25,Female,Snapchat,6.3,5.6,3.6,7.4,4.3,4.5,5.1,Severe,18-25,<6 jam,4,Kesepian Sedang
USR01167,41,Male,YouTube,5.2,4.2,4.5,3.4,3.1,5.1,5.9,High,36-45,<6 jam,3,Kesepian Ringan
USR01168,40,Male,Snapchat,2.5,3.4,3.5,4.0,6.3,8.7,5.6,High,36-45,>8 jam,3,Kesepian Ringan
USR01169,18,Female,YouTube,3.5,2.5,5.6,4.5,2.6,5.1,6.5,Moderate,<18,<6 jam,2,Kesepian Ringan
USR01170,17,Female,TikTok,8.2,6.1,5.6,7.0,8.5,5.8,5.9,High,<18,<6 jam,3,Kesepian Sedang
USR01171,34,Non-binary,Twitter/X,0.5,2.5,5.1,4.4,5.6,7.4,6.3,Moderate,26-35,6-8 jam,2,Kesepian Ringan
USR01172,20,Male,TikTok,7.3,7.0,5.1,1.7,7.0,6.7,8.1,Low,18-25,6-8 jam,1,Tidak Kesepian
USR01173,28,Male,Snapchat,5.3,6.3,4.9,3.2,6.7,6.5,5.8,High,26-35,6-8 jam,3,Kesepian Ringan
USR01174,17,Male,YouTube,3.3,3.5,4.3,3.9,4.3,5.1,7.8,Low,<18,<6 jam,1,Kesepian Ringan
USR01175,15,Male,Facebook,4.0,8.0,5.9,1.9,10.0,6.3,6.2,High,<18,6-8 jam,3,Tidak Kesepian
USR01176,23,Male,Twitter/X,5.4,6.2,8.7,5.3,3.4,6.4,4.7,Severe,18-25,6-8 jam,4,Kesepian Sedang
USR01177,21,Female,YouTube,4.8,4.0,2.1,4.4,5.5,6.9,6.6,Moderate,18-25,6-8 jam,2,Kesepian Ringan
USR01178,26,Male,YouTube,6.0,6.6,4.4,3.6,5.3,6.4,7.2,Low,26-35,6-8 jam,1,Kesepian Ringan
USR01179,37,Female,Instagram,7.2,4.5,10.0,2.9,3.6,4.8,4.8,Severe,36-45,<6 jam,4,Kesepian Ringan
USR01180,15,Female,TikTok,3.2,4.9,6.0,5.8,3.6,7.0,5.9,Moderate,<18,6-8 jam,2,Kesepian Sedang
USR01181,36,Male,TikTok,4.6,7.6,5.0,8.7,5.0,6.5,3.6,Severe,36-45,6-8 jam,4,Sangat Kesepian
USR01182,26,Male,TikTok,5.6,9.5,4.9,4.2,3.0,7.5,3.6,Severe,26-35,6-8 jam,4,Kesepian Ringan
USR01183,16,Non-binary,TikTok,3.6,8.5,4.8,7.1,10.0,6.1,6.8,Moderate,<18,6-8 jam,2,Kesepian Sedang
USR01184,29,Male,YouTube,4.5,5.7,6.2,4.3,6.1,7.2,7.9,Low,26-35,6-8 jam,1,Kesepian Ringan
USR01185,33,Female,YouTube,7.8,6.9,2.8,6.1,5.0,6.4,6.6,Moderate,26-35,,2,Kesepian Sedang
USR01186,38,Male,Instagram,0.5,0.8,5.4,2.8,7.1,5.6,7.9,Low,36-45,<6 jam,1,Kesepian Ringan
USR01187,18,Male,Instagram,5.2,5.4,6.4,6.3,5.9,7.1,6.3,Moderate,<18,6-8 jam,2,Kesepian Sedang
USR01188,25,Female,Snapchat,3.6,6.1,9.8,5.6,3.5,6.2,5.0,Severe,18-25,6-8 jam,4,Kesepian Sedang
USR01189,17,Non-binary,YouTube,2.1,1.2,1.6,5.2,1.9,5.5,7.9,Low,<18,<6 jam,1,Kesepian Sedang
USR01190,41,Male,Instagram,4.1,5.5,2.7,4.9,7.0,7.1,7.3,Moderate,36-45,6-8 jam,2,Kesepian Ringan
USR01191,32,Male,TikTok,5.4,2.3,5.7,4.4,1.6,6.3,6.6,High,26-35,6-8 jam,3,Kesepian Ringan
USR01192,21,Male,TikTok,6.4,4.2,7.5,2.2,4.8,7.4,6.2,High,18-25,6-8 jam,3,Tidak Kesepian
USR01193,25,Male,TikTok,2.9,5.1,6.2,4.1,7.9,7.6,8.0,Low,18-25,6-8 jam,1,Kesepian Ringan
USR01194,29,Non-binary,Instagram,6.0,1.3,2.0,6.0,4.3,7.1,5.5,High,26-35,6-8 jam,3,Kesepian Sedang
USR01195,40,Female,Snapchat,7.8,4.9,9.9,7.9,3.9,7.6,3.6,Severe,36-45,,4,Sangat Kesepian
USR01196,41,Female,Instagram,5.0,5.9,1.0,2.3,4.8,8.2,7.8,Low,36-45,>8 jam,1,Tidak Kesepian
USR01197,36,Male,Facebook,6.2,9.3,8.4,5.9,3.4,5.5,4.7,Severe,36-45,<6 jam,4,Kesepian Sedang
USR01198,29,Non-binary,Instagram,5.6,7.1,6.4,8.1,2.5,4.7,5.2,High,26-35,<6 jam,3,Sangat Kesepian
USR01199,29,Male,Instagram,6.1,4.9,4.3,4.1,5.4,6.1,5.7,Moderate,26-35,6-8 jam,2,Kesepian Ringan
USR01200,22,Female,Instagram,2.5,4.4,1.7,4.5,4.5,8.3,5.0,High,18-25,>8 jam,3,Kesepian Ringan
USR01201,44,Female,Snapchat,7.3,4.5,2.6,0.7,7.4,8.7,6.5,Moderate,36-45,>8 jam,2,Tidak Kesepian
USR01202,25,Female,TikTok,5.6,4.4,1.1,3.9,2.6,7.7,5.7,Moderate,18-25,6-8 jam,2,Kesepian Ringan
USR01203,28,Female,YouTube,8.6,1.1,2.6,8.1,6.0,5.7,6.7,Moderate,26-35,<6 jam,2,Sangat Kesepian
USR01204,39,Female,YouTube,6.4,9.3,2.4,6.2,10.0,6.3,5.3,Severe,36-45,6-8 jam,4,Kesepian Sedang
USR01205,27,Female,Instagram,2.7,1.7,9.3,6.4,4.9,6.8,7.1,Moderate,26-35,6-8 jam,2,Kesepian Sedang
USR01206,23,Male,Instagram,7.2,6.7,4.4,6.7,7.4,7.6,7.8,Low,18-25,6-8 jam,1,Kesepian Sedang
USR01207,39,Female,TikTok,7.6,7.4,8.8,0.0,4.4,7.6,7.0,Moderate,36-45,6-8 jam,2,
USR01208,39,Male,Facebook,7.0,4.0,0.0,3.9,6.3,8.9,7.2,Moderate,36-45,>8 jam,2,Kesepian Ringan
USR01209,40,Male,YouTube,4.0,4.2,3.0,1.3,2.2,6.5,7.2,Low,36-45,6-8 jam,1,Tidak Kesepian
USR01210,24,Female,Instagram,3.7,4.5,5.0,4.2,4.6,5.6,5.7,High,18-25,,3,Kesepian Ringan
USR01211,25,Non-binary,Twitter/X,7.6,1.8,6.2,3.7,6.9,4.8,6.2,Moderate,18-25,<6 jam,2,Kesepian Ringan
USR01212,39,Female,Facebook,2.9,6.4,1.9,3.1,5.6,5.4,7.6,Low,36-45,<6 jam,1,Kesepian Ringan
USR01213,29,Male,TikTok,6.6,2.9,3.4,4.3,4.4,5.8,7.0,Moderate,26-35,<6 jam,2,Kesepian Ringan
USR01214,40,Female,TikTok,4.9,5.3,5.7,4.2,8.2,4.8,8.3,Low,36-45,<6 jam,1,Kesepian Ringan
USR01215,18,Non-binary,YouTube,3.2,4.8,5.8,6.3,6.0,6.3,6.0,High,<18,6-8 jam,3,Kesepian Sedang
USR01216,30,Male,TikTok,3.8,4.2,3.9,5.3,6.3,5.1,6.5,High,26-35,<6 jam,3,Kesepian Sedang
USR01217,25,Male,TikTok,3.4,0.1,1.5,3.7,5.6,7.0,5.0,High,18-25,6-8 jam,3,Kesepian Ringan
USR01218,16,Male,Twitter/X,5.7,6.3,1.1,3.2,6.0,6.8,5.3,High,<18,6-8 jam,3,Kesepian Ringan
USR01219,25,Female,Facebook,3.2,6.6,6.1,5.3,5.8,6.0,4.5,Severe,18-25,<6 jam,4,Kesepian Sedang
USR01220,25,Male,YouTube,4.4,8.1,0.9,3.7,9.8,4.7,7.1,Moderate,18-25,<6 jam,2,Kesepian Ringan
USR01221,31,Male,TikTok,4.1,5.4,4.0,6.3,8.7,6.6,6.9,Moderate,26-35,6-8 jam,2,Kesepian Sedang
USR01222,42,Non-binary,Twitter/X,5.5,3.2,5.5,1.9,3.6,5.9,9.0,Low,36-45,<6 jam,1,Tidak Kesepian
USR01223,27,Female,TikTok,6.9,2.5,3.3,2.5,7.1,6.1,7.2,Low,26-35,6-8 jam,1,Tidak Kesepian
USR01224,32,Female,Instagram,1.4,4.1,6.0,6.7,4.7,5.7,4.7,Severe,26-35,<6 jam,4,Kesepian Sedang
USR01225,44,Male,YouTube,5.5,0.8,5.4,1.8,5.3,8.1,6.1,Moderate,36-45,>8 jam,2,Tidak Kesepian
USR01226,23,Male,Instagram,3.1,6.4,3.5,8.2,6.2,8.6,5.9,High,18-25,>8 jam,3,Sangat Kesepian
USR01227,26,Male,YouTube,4.2,6.1,5.7,3.5,9.3,6.7,7.6,Low,26-35,6-8 jam,1,Kesepian Ringan
USR01228,31,Male,TikTok,4.3,5.2,6.8,3.6,4.6,7.3,5.1,Severe,26-35,6-8 jam,4,Kesepian Ringan
USR01229,40,Female,YouTube,8.1,6.3,4.6,5.4,5.5,5.7,5.3,High,36-45,<6 jam,3,Kesepian Sedang
USR01230,23,Male,TikTok,8.0,4.8,0.3,5.8,5.7,4.1,5.8,Moderate,18-25,<6 jam,2,Kesepian Sedang
USR01231,38,Non-binary,YouTube,4.1,6.6,4.2,3.9,7.6,6.9,6.3,Moderate,36-45,6-8 jam,2,Kesepian Ringan
USR01232,19,Non-binary,Facebook,4.1,6.0,6.1,4.6,10.0,4.6,7.5,Moderate,18-25,<6 jam,2,Kesepian Ringan
USR01233,35,Male,TikTok,7.8,4.3,5.8,6.0,1.6,6.9,6.5,High,26-35,6-8 jam,3,Kesepian Sedang
USR01234,31,Male,YouTube,5.8,4.8,4.4,5.8,1.7,7.0,6.6,Moderate,26-35,6-8 jam,2,Kesepian Sedang
USR01235,20,Female,Snapchat,8.8,2.4,6.8,5.1,3.7,6.6,4.5,Severe,18-25,,4,Kesepian Sedang
USR01236,25,Male,YouTube,3.1,7.3,4.3,4.6,8.0,6.1,7.1,Low,18-25,6-8 jam,1,Kesepian Ringan
USR01237,27,Non-binary,Instagram,7.1,8.6,1.0,1.7,8.6,4.8,7.1,Low,26-35,<6 jam,1,Tidak Kesepian
USR01238,27,Female,YouTube,3.8,5.8,6.6,5.7,0.0,5.1,7.3,Moderate,26-35,<6 jam,2,Kesepian Sedang
USR01239,34,Male,Instagram,0.5,2.9,7.0,2.5,6.4,4.8,6.0,Moderate,26-35,<6 jam,2,Tidak Kesepian
USR01240,18,Male,Instagram,6.3,4.4,6.6,3.6,5.5,7.3,6.7,Moderate,<18,6-8 jam,2,Kesepian Ringan
USR01241,27,Male,Instagram,2.5,3.4,2.0,3.3,7.2,6.1,7.8,Low,26-35,6-8 jam,1,Kesepian Ringan
USR01242,21,Female,Instagram,6.2,5.3,2.8,7.5,5.9,6.3,7.8,Low,18-25,6-8 jam,1,Kesepian Sedang
USR01243,32,Male,Instagram,4.0,7.0,4.1,2.3,6.7,8.8,5.3,Severe,26-35,>8 jam,4,Tidak Kesepian
USR01244,44,Non-binary,TikTok,7.4,4.3,5.0,5.7,4.3,6.3,8.4,Low,36-45,6-8 jam,1,Kesepian Sedang
USR01245,32,Female,TikTok,1.6,4.3,4.4,0.7,4.6,6.0,5.4,High,26-35,<6 jam,3,Tidak Kesepian
USR01246,27,Female,Twitter/X,1.2,5.0,3.8,8.5,8.7,5.8,5.7,Moderate,26-35,<6 jam,2,Sangat Kesepian
USR01247,36,Non-binary,Instagram,7.9,7.0,5.6,3.4,2.6,7.0,6.6,Moderate,36-45,6-8 jam,2,Kesepian Ringan
USR01248,17,Female,Instagram,7.0,3.1,6.3,7.1,2.7,6.4,3.8,Severe,<18,,4,Kesepian Sedang
USR01249,31,Non-binary,Instagram,4.8,6.0,2.3,4.1,1.1,5.7,5.6,Severe,26-35,<6 jam,4,Kesepian Ringan
USR01250,20,Female,Instagram,1.0,5.2,4.9,3.3,2.9,8.2,6.7,Low,18-25,>8 jam,1,Kesepian Ringan
USR01251,31,Female,Twitter/X,6.5,6.0,1.9,3.0,5.8,7.1,5.6,High,26-35,6-8 jam,3,Kesepian Ringan
USR01252,18,Male,TikTok,10.0,9.7,6.1,1.4,5.4,5.7,6.6,High,<18,<6 jam,3,Tidak Kesepian
USR01253,19,Female,YouTube,3.8,8.1,4.9,4.9,5.4,8.0,6.6,Moderate,18-25,6-8 jam,2,Kesepian Ringan
USR01254,41,Female,Twitter/X,3.7,5.2,8.4,3.3,6.7,8.1,6.6,Moderate,36-45,>8 jam,2,Kesepian Ringan
USR01255,28,Female,Instagram,2.8,7.4,3.1,6.7,0.9,4.1,5.7,Severe,26-35,<6 jam,4,Kesepian Sedang
USR01256,32,Female,Instagram,5.6,2.5,6.5,6.5,5.9,7.5,4.9,Severe,26-35,6-8 jam,4,Kesepian Sedang
USR01257,34,Female,YouTube,4.4,7.8,6.2,5.7,5.2,6.5,7.7,Low,26-35,6-8 jam,1,Kesepian Sedang
USR01258,23,Male,TikTok,1.2,9.2,6.0,5.4,8.3,6.6,8.1,Low,18-25,6-8 jam,1,Kesepian Sedang
USR01259,36,Male,Instagram,3.0,1.0,0.0,6.3,4.3,7.7,10.0,Low,36-45,6-8 jam,1,Kesepian Sedang
USR01260,19,Male,Snapchat,6.7,5.2,2.0,9.4,3.5,7.7,5.7,High,18-25,6-8 jam,3,Sangat Kesepian
USR01261,33,Non-binary,Instagram,2.1,4.8,5.2,2.6,6.5,5.0,8.5,Low,26-35,<6 jam,1,Kesepian Ringan
USR01262,16,Male,Facebook,5.1,6.7,4.7,8.0,9.0,5.4,7.2,Low,<18,<6 jam,1,Sangat Kesepian
USR01263,18,Male,Twitter/X,6.8,6.7,4.3,3.4,5.1,7.0,6.2,Low,<18,6-8 jam,1,Kesepian Ringan
USR01264,29,Male,TikTok,6.2,4.3,4.4,5.9,3.9,6.4,6.0,High,26-35,6-8 jam,3,Kesepian Sedang
USR01265,18,Male,Instagram,0.6,5.5,4.3,4.8,3.6,5.8,6.2,High,<18,<6 jam,3,Kesepian Ringan
USR01266,32,Non-binary,Instagram,5.8,3.5,5.9,4.6,6.1,7.0,7.2,Moderate,26-35,6-8 jam,2,Kesepian Ringan
USR01267,21,Male,Instagram,2.1,7.7,4.2,6.4,3.7,6.9,5.8,High,18-25,6-8 jam,3,Kesepian Sedang
USR01268,37,Female,Snapchat,0.5,4.8,0.8,4.4,4.9,5.1,6.9,Low,36-45,<6 jam,1,Kesepian Ringan
USR01269,44,Female,YouTube,5.2,5.9,7.1,7.0,8.4,8.6,4.4,Severe,36-45,>8 jam,4,Kesepian Sedang
USR01270,38,Male,Instagram,0.9,3.4,6.9,2.8,0.6,7.2,8.2,Low,36-45,6-8 jam,1,Kesepian Ringan
USR01271,37,Female,TikTok,4.0,3.8,2.8,1.3,6.9,8.8,6.7,Moderate,36-45,>8 jam,2,Tidak Kesepian
USR01272,22,Male,Twitter/X,7.2,8.0,5.6,6.0,2.5,8.4,7.5,Low,18-25,>8 jam,1,Kesepian Sedang
USR01273,16,Male,Instagram,5.7,5.7,2.1,2.4,7.5,4.2,5.2,Severe,<18,<6 jam,4,Tidak Kesepian
USR01274,28,Male,YouTube,4.2,2.4,5.2,4.1,2.5,5.9,7.9,Low,26-35,<6 jam,1,Kesepian Ringan
USR01275,36,Male,Instagram,6.6,4.0,5.0,4.3,2.1,5.8,8.2,Low,36-45,<6 jam,1,Kesepian Ringan
USR01276,34,Male,Facebook,4.6,5.4,2.8,4.5,5.5,5.0,5.0,High,26-35,<6 jam,3,Kesepian Ringan
USR01277,21,Male,Instagram,6.3,8.1,5.5,7.5,6.5,6.2,4.6,Severe,18-25,6-8 jam,4,Kesepian Sedang
USR01278,19,Male,Instagram,7.0,5.4,2.7,7.0,4.2,4.6,6.0,High,18-25,<6 jam,3,Kesepian Sedang
USR01279,40,Male,Facebook,2.3,4.4,3.0,2.2,5.6,7.6,7.7,Low,36-45,6-8 jam,1,Tidak Kesepian
USR01280,31,Non-binary,Instagram,8.1,2.3,3.2,2.1,4.1,10.0,6.6,Moderate,26-35,>8 jam,2,Tidak Kesepian
USR01281,19,Female,YouTube,4.2,1.6,4.8,6.6,4.9,7.2,5.8,High,18-25,6-8 jam,3,Kesepian Sedang
USR01282,26,Non-binary,Snapchat,4.6,4.7,2.3,5.3,3.8,7.2,5.0,Severe,26-35,,4,Kesepian Sedang
USR01283,34,Non-binary,YouTube,4.9,6.1,3.4,5.9,2.8,7.2,5.7,High,26-35,6-8 jam,3,Kesepian Sedang
USR01284,23,Male,TikTok,3.9,5.6,4.4,4.0,9.8,8.3,8.1,Low,18-25,>8 jam,1,Kesepian Ringan
USR01285,17,Male,TikTok,3.5,5.4,3.1,3.7,5.3,10.0,3.7,Severe,<18,>8 jam,4,Kesepian Ringan
USR01286,43,Non-binary,Facebook,5.7,7.9,5.9,2.7,3.0,5.5,8.9,Low,36-45,<6 jam,1,Kesepian Ringan
USR01287,30,Female,Instagram,3.1,5.7,4.8,5.6,5.3,5.7,5.7,High,26-35,<6 jam,3,Kesepian Sedang
USR01288,43,Female,Snapchat,5.5,7.0,4.6,1.2,6.9,5.1,6.0,High,36-45,<6 jam,3,Tidak Kesepian
USR01289,23,Female,YouTube,6.1,5.7,1.6,6.4,5.6,7.6,5.5,High,18-25,6-8 jam,3,Kesepian Sedang
USR01290,41,Male,Facebook,3.2,4.4,9.6,2.9,5.1,5.4,7.7,Low,36-45,<6 jam,1,Kesepian Ringan
USR01291,18,Female,Twitter/X,3.8,3.1,1.1,4.8,3.3,8.6,5.4,Severe,<18,>8 jam,4,Kesepian Ringan
USR01292,44,Male,TikTok,5.6,4.7,2.4,4.6,7.5,5.5,5.7,Severe,36-45,<6 jam,4,Kesepian Ringan
USR01293,40,Male,Twitter/X,4.4,9.2,6.6,4.5,0.9,7.2,4.2,Severe,36-45,6-8 jam,4,Kesepian Ringan
USR01294,43,Male,Twitter/X,5.9,8.8,7.5,6.6,9.9,10.0,8.3,Low,36-45,>8 jam,1,Kesepian Sedang
USR01295,17,Male,Instagram,4.3,8.1,8.4,4.3,7.7,5.7,7.9,Low,<18,<6 jam,1,Kesepian Ringan
USR01296,16,Male,TikTok,3.7,2.1,3.6,4.0,4.1,8.6,8.4,Low,<18,>8 jam,1,Kesepian Ringan
USR01297,24,Female,Facebook,4.0,3.3,2.1,4.6,5.6,5.2,6.7,Moderate,18-25,<6 jam,2,Kesepian Ringan
USR01298,26,Female,Twitter/X,5.2,4.8,2.5,5.2,6.6,7.8,6.5,Moderate,26-35,6-8 jam,2,Kesepian Sedang
USR01299,37,Female,YouTube,7.0,4.9,0.0,7.1,3.0,7.2,4.8,Severe,36-45,6-8 jam,4,Kesepian Sedang
USR01300,40,Male,Instagram,0.8,4.5,0.0,5.0,8.6,5.3,7.9,Low,36-45,<6 jam,1,Kesepian Ringan
USR01301,35,Male,Instagram,3.4,1.5,4.1,7.4,5.5,4.5,4.1,Severe,26-35,<6 jam,4,Kesepian Sedang
USR01302,24,Female,Snapchat,3.6,4.3,10.0,4.6,6.0,7.8,6.3,Moderate,18-25,6-8 jam,2,Kesepian Ringan
USR01303,37,Male,Twitter/X,2.7,6.5,3.7,1.9,2.9,5.0,9.5,Low,36-45,<6 jam,1,Tidak Kesepian
USR01304,26,Female,Facebook,3.4,2.9,2.5,2.8,6.8,6.4,7.2,Low,26-35,6-8 jam,1,Kesepian Ringan
USR01305,22,Male,Snapchat,7.0,8.6,6.9,4.2,9.0,7.3,6.2,High,18-25,6-8 jam,3,Kesepian Ringan
USR01306,39,Male,Instagram,5.0,3.8,7.3,5.6,6.0,3.8,6.7,High,36-45,<6 jam,3,Kesepian Sedang
USR01307,44,Female,TikTok,3.1,5.1,2.6,3.5,5.0,5.7,6.2,Moderate,36-45,<6 jam,2,Kesepian Ringan
USR01308,25,Male,Instagram,1.3,6.9,4.0,0.7,9.1,6.2,6.4,High,18-25,6-8 jam,3,Tidak Kesepian
USR01309,30,Female,YouTube,5.4,6.2,3.9,4.6,4.4,5.5,6.9,Low,26-35,<6 jam,1,Kesepian Ringan
USR01310,41,Male,YouTube,3.6,5.0,3.6,5.2,4.1,8.6,5.0,Severe,36-45,>8 jam,4,Kesepian Sedang
USR01311,30,Male,Instagram,1.9,3.7,5.6,6.0,5.1,5.7,8.5,Low,26-35,<6 jam,1,Kesepian Sedang
USR01312,40,Female,Snapchat,4.9,10.0,4.6,7.4,4.9,7.8,4.1,Severe,36-45,6-8 jam,4,Kesepian Sedang
USR01313,37,Female,Instagram,5.4,5.4,2.3,3.2,6.2,8.2,4.4,Severe,36-45,>8 jam,4,Kesepian Ringan
USR01314,19,Male,YouTube,5.9,6.0,2.3,8.2,3.8,6.9,6.1,High,18-25,6-8 jam,3,Sangat Kesepian
USR01315,37,Female,TikTok,3.4,7.0,5.7,5.8,5.4,6.1,6.0,High,36-45,6-8 jam,3,Kesepian Sedang
USR01316,19,Female,Twitter/X,5.6,6.5,3.7,4.6,8.4,6.7,6.2,High,18-25,6-8 jam,3,Kesepian Ringan
USR01317,20,Female,TikTok,5.9,3.6,6.6,6.2,4.6,5.1,7.1,Low,18-25,<6 jam,1,Kesepian Sedang
USR01318,38,Male,TikTok,6.3,7.2,2.7,2.9,5.6,6.7,4.6,Severe,36-45,6-8 jam,4,Kesepian Ringan
USR01319,43,Female,YouTube,5.0,8.0,7.0,3.3,6.7,5.4,6.2,Moderate,36-45,<6 jam,2,Kesepian Ringan
USR01320,19,Non-binary,TikTok,5.8,5.9,7.1,7.9,2.0,6.7,5.2,Severe,18-25,6-8 jam,4,Sangat Kesepian
USR01321,30,Male,TikTok,4.5,7.0,4.0,2.1,8.7,7.6,6.4,Moderate,26-35,6-8 jam,2,Tidak Kesepian
USR01322,31,Female,YouTube,3.9,4.0,5.2,7.2,8.6,4.2,7.7,Low,26-35,<6 jam,1,Kesepian Sedang
USR01323,28,Male,Instagram,5.2,5.3,4.3,6.3,4.9,8.6,5.1,High,26-35,>8 jam,3,Kesepian Sedang
USR01324,36,Female,Snapchat,6.4,4.9,8.7,4.8,1.2,6.1,5.7,High,36-45,6-8 jam,3,Kesepian Ringan
USR01325,17,Male,TikTok,3.7,3.5,0.0,5.9,7.9,5.8,6.4,High,<18,<6 jam,3,Kesepian Sedang
USR01326,36,Female,TikTok,5.3,6.2,6.7,10.0,2.5,8.4,6.2,Moderate,36-45,>8 jam,2,Sangat Kesepian
USR01327,44,Female,Instagram,9.8,5.0,0.7,6.2,5.7,7.1,6.5,Moderate,36-45,6-8 jam,2,Kesepian Sedang
USR01328,19,Non-binary,Twitter/X,3.1,6.8,7.5,2.1,2.6,6.2,7.6,Moderate,18-25,6-8 jam,2,Tidak Kesepian
USR01329,29,Female,Twitter/X,1.6,6.4,5.0,2.6,7.8,5.5,6.9,Moderate,26-35,<6 jam,2,Kesepian Ringan
USR01330,36,Non-binary,Instagram,2.4,7.0,5.7,6.4,7.0,6.1,4.0,Severe,36-45,6-8 jam,4,Kesepian Sedang
USR01331,43,Non-binary,TikTok,3.8,3.1,7.9,7.2,6.1,7.7,5.0,High,36-45,6-8 jam,3,Kesepian Sedang
USR01332,28,Male,Twitter/X,4.5,6.5,5.4,5.0,6.6,7.2,5.7,Severe,26-35,6-8 jam,4,Kesepian Ringan
USR01333,32,Female,Instagram,0.5,7.7,4.8,2.7,4.2,7.0,7.3,Low,26-35,6-8 jam,1,Kesepian Ringan
USR01334,22,Non-binary,Instagram,0.5,4.3,5.2,4.8,8.3,6.2,7.3,Low,18-25,6-8 jam,1,Kesepian Ringan
USR01335,35,Male,Instagram,1.0,4.4,1.8,3.5,4.4,6.5,6.5,Moderate,26-35,6-8 jam,2,Kesepian Ringan
USR01336,35,Female,TikTok,1.4,6.6,9.3,1.3,6.2,8.3,6.5,Moderate,26-35,>8 jam,2,Tidak Kesepian
USR01337,35,Female,YouTube,6.0,8.1,7.0,7.2,8.1,5.3,5.0,Severe,26-35,<6 jam,4,Kesepian Sedang
USR01338,29,Male,Facebook,3.2,4.7,4.6,6.7,5.2,7.5,6.1,Moderate,26-35,6-8 jam,2,Kesepian Sedang
USR01339,29,Female,Snapchat,0.5,5.3,4.6,4.6,4.1,7.3,7.3,Moderate,26-35,6-8 jam,2,Kesepian Ringan
USR01340,17,Female,Snapchat,5.7,5.6,2.5,2.5,3.4,5.8,3.8,Severe,<18,<6 jam,4,Tidak Kesepian
USR01341,30,Female,Instagram,4.6,5.0,5.6,3.8,6.9,4.3,5.8,Severe,26-35,<6 jam,4,Kesepian Ringan
USR01342,23,Male,Instagram,3.7,9.0,6.0,4.2,7.3,7.4,5.9,High,18-25,6-8 jam,3,Kesepian Ringan
USR01343,22,Non-binary,TikTok,5.3,7.8,5.2,2.3,7.3,8.0,7.0,Low,18-25,,1,Tidak Kesepian
USR01344,37,Male,Twitter/X,4.3,6.6,5.3,2.2,6.2,8.5,7.1,Moderate,36-45,>8 jam,2,Tidak Kesepian
USR01345,21,Female,Snapchat,5.7,8.4,3.7,3.6,4.0,4.6,5.4,High,18-25,<6 jam,3,Kesepian Ringan
USR01346,28,Male,Facebook,8.5,3.5,4.3,6.0,3.4,6.4,6.0,High,26-35,6-8 jam,3,Kesepian Sedang
USR01347,28,Female,YouTube,5.1,5.1,4.4,2.1,4.4,7.3,6.5,High,26-35,6-8 jam,3,Tidak Kesepian
USR01348,39,Male,YouTube,1.8,5.2,2.0,3.1,8.1,5.7,7.4,Moderate,36-45,<6 jam,2,Kesepian Ringan
USR01349,29,Female,TikTok,7.5,5.2,2.8,4.5,4.6,7.1,6.4,Moderate,26-35,,2,Kesepian Ringan
USR01350,31,Female,Instagram,6.9,4.9,3.6,3.9,7.8,8.5,6.9,Moderate,26-35,>8 jam,2,Kesepian Ringan
USR01351,21,Male,Snapchat,7.6,5.2,5.8,5.9,4.3,9.6,6.0,High,18-25,>8 jam,3,Kesepian Sedang
USR01352,43,Female,Instagram,5.3,6.0,10.0,3.0,6.0,6.3,5.3,Severe,36-45,6-8 jam,4,Kesepian Ringan
USR01353,33,Female,TikTok,6.4,5.0,5.8,0.0,4.6,6.5,7.9,Low,26-35,6-8 jam,1,
USR01354,21,Male,Snapchat,8.8,4.4,2.2,4.3,5.8,9.4,6.6,High,18-25,>8 jam,3,Kesepian Ringan
USR01355,39,Male,Instagram,4.3,5.4,2.4,3.5,3.5,7.5,6.2,Moderate,36-45,6-8 jam,2,Kesepian Ringan
USR01356,19,Male,YouTube,3.1,6.4,6.7,5.1,4.5,7.2,6.7,Moderate,18-25,6-8 jam,2,Kesepian Sedang
USR01357,30,Male,Snapchat,7.7,7.4,4.7,5.7,3.7,7.3,5.8,High,26-35,6-8 jam,3,Kesepian Sedang
USR01358,29,Non-binary,TikTok,3.8,8.2,1.2,5.4,5.8,7.0,5.6,High,26-35,6-8 jam,3,Kesepian Sedang
USR01359,22,Male,Instagram,3.6,3.0,5.9,4.9,8.8,4.8,8.6,Low,18-25,<6 jam,1,Kesepian Ringan
USR01360,39,Female,Instagram,3.4,5.0,7.2,7.2,2.1,5.3,4.1,Severe,36-45,<6 jam,4,Kesepian Sedang
USR01361,25,Female,Instagram,3.5,5.2,5.5,5.5,6.7,8.9,4.7,Severe,18-25,>8 jam,4,Kesepian Sedang
USR01362,18,Female,Snapchat,5.2,8.2,3.1,6.3,7.2,7.8,3.8,Severe,<18,6-8 jam,4,Kesepian Sedang
USR01363,34,Female,TikTok,5.2,4.1,7.7,8.5,7.7,6.6,5.3,High,26-35,,3,Sangat Kesepian
USR01364,26,Male,Instagram,2.9,6.0,6.0,6.1,8.6,5.5,6.5,High,26-35,<6 jam,3,Kesepian Sedang
USR01365,19,Female,Instagram,8.1,4.2,8.1,5.2,6.3,5.6,5.4,High,18-25,<6 jam,3,Kesepian Sedang
USR01366,31,Male,Twitter/X,3.6,2.5,2.8,1.7,5.3,9.2,9.1,Low,26-35,>8 jam,1,Tidak Kesepian
USR01367,44,Non-binary,Twitter/X,3.1,7.8,3.2,2.6,7.3,8.0,5.8,High,36-45,,3,Kesepian Ringan
USR01368,17,Male,Snapchat,2.6,0.6,3.7,6.2,6.4,6.9,7.6,Low,<18,6-8 jam,1,Kesepian Sedang
USR01369,25,Male,Instagram,3.2,5.1,7.4,6.2,6.4,5.5,5.6,High,18-25,<6 jam,3,Kesepian Sedang
USR01370,23,Male,TikTok,3.3,7.4,5.6,6.3,5.8,8.3,6.2,High,18-25,>8 jam,3,Kesepian Sedang
USR01371,28,Female,Instagram,4.9,1.2,3.9,7.0,6.7,9.2,8.6,Low,26-35,>8 jam,1,Kesepian Sedang
USR01372,23,Male,Instagram,4.9,1.5,3.2,2.4,9.1,8.9,7.9,Low,18-25,>8 jam,1,Tidak Kesepian
USR01373,17,Male,Instagram,5.0,4.7,2.4,4.4,6.7,6.8,8.2,Low,<18,6-8 jam,1,Kesepian Ringan
USR01374,26,Female,Instagram,4.6,5.2,4.8,5.1,6.4,7.2,6.1,Moderate,26-35,6-8 jam,2,Kesepian Sedang
USR01375,20,Female,Snapchat,6.5,7.2,3.9,8.6,2.5,8.4,5.1,Severe,18-25,>8 jam,4,Sangat Kesepian
USR01376,21,Male,TikTok,6.5,6.9,2.0,3.2,3.9,6.1,6.6,High,18-25,6-8 jam,3,Kesepian Ringan
USR01377,23,Non-binary,Twitter/X,3.6,7.3,7.2,6.5,3.1,7.4,4.7,Severe,18-25,6-8 jam,4,Kesepian Sedang
USR01378,15,Female,TikTok,4.9,6.9,5.6,5.5,4.6,7.9,5.5,High,<18,6-8 jam,3,Kesepian Sedang
USR01379,22,Male,Instagram,5.5,7.5,4.2,0.4,5.1,7.1,5.9,High,18-25,6-8 jam,3,Tidak Kesepian
USR01380,34,Female,TikTok,6.1,8.2,3.7,1.7,5.7,5.4,8.3,Low,26-35,<6 jam,1,Tidak Kesepian
USR01381,22,Male,YouTube,5.7,1.7,4.2,8.9,3.1,7.2,4.3,Severe,18-25,,4,Sangat Kesepian
USR01382,39,Female,Twitter/X,3.8,8.2,4.8,4.4,4.8,8.9,7.3,Moderate,36-45,>8 jam,2,Kesepian Ringan
USR01383,26,Male,YouTube,3.8,4.1,6.1,1.2,6.2,7.9,7.9,Low,26-35,6-8 jam,1,Tidak Kesepian
USR01384,20,Non-binary,YouTube,4.7,7.7,2.8,1.0,9.6,5.5,6.6,Moderate,18-25,<6 jam,2,Tidak Kesepian
USR01385,43,Male,Instagram,5.6,7.7,6.1,0.9,7.1,5.6,5.5,High,36-45,<6 jam,3,Tidak Kesepian
USR01386,36,Male,TikTok,2.3,10.0,5.6,3.7,4.6,5.0,5.2,Severe,36-45,,4,Kesepian Ringan
USR01387,31,Male,TikTok,2.4,3.6,8.5,4.5,3.9,4.5,5.9,Moderate,26-35,<6 jam,2,Kesepian Ringan
USR01388,37,Female,YouTube,3.7,4.4,3.3,5.5,5.5,4.2,6.4,Moderate,36-45,<6 jam,2,Kesepian Sedang
USR01389,35,Male,Snapchat,4.7,9.0,8.4,4.2,7.3,7.6,6.5,Moderate,26-35,6-8 jam,2,Kesepian Ringan
USR01390,42,Female,Instagram,3.1,5.4,4.6,4.4,5.2,8.9,7.2,Moderate,36-45,>8 jam,2,Kesepian Ringan
USR01391,16,Female,Twitter/X,3.6,8.6,0.3,4.3,7.0,5.3,8.5,Low,<18,<6 jam,1,Kesepian Ringan
USR01392,44,Female,TikTok,2.8,8.5,7.7,4.7,4.3,5.2,4.3,Severe,36-45,<6 jam,4,Kesepian Ringan
USR01393,25,Male,Twitter/X,5.7,6.7,0.9,5.9,4.4,6.2,6.6,Moderate,18-25,,2,Kesepian Sedang
USR01394,41,Male,Instagram,5.1,9.0,4.3,3.0,7.6,7.3,4.0,Severe,36-45,6-8 jam,4,Kesepian Ringan
USR01395,39,Male,YouTube,4.5,1.7,4.8,5.0,5.6,8.0,5.4,High,36-45,6-8 jam,3,Kesepian Ringan
USR01396,34,Male,TikTok,3.1,3.5,3.4,7.5,4.5,7.2,5.9,High,26-35,6-8 jam,3,Kesepian Sedang
USR01397,40,Female,Snapchat,4.6,4.4,2.1,5.3,6.6,4.3,8.3,Low,36-45,<6 jam,1,Kesepian Sedang
USR01398,36,Non-binary,Instagram,4.9,4.6,5.5,7.1,7.7,6.2,7.8,Low,36-45,6-8 jam,1,Kesepian Sedang
USR01399,42,Male,Facebook,0.5,5.4,5.5,6.0,4.3,8.1,7.5,Low,36-45,>8 jam,1,Kesepian Sedang
USR01400,35,Non-binary,Instagram,7.0,4.8,2.0,3.3,4.7,6.8,6.0,High,26-35,,3,Kesepian Ringan
USR01401,29,Male,Snapchat,6.1,6.9,2.4,8.5,3.1,5.4,7.5,Moderate,26-35,<6 jam,2,Sangat Kesepian
USR01402,38,Female,TikTok,7.9,2.6,6.7,1.0,8.7,5.5,6.3,Moderate,36-45,<6 jam,2,Tidak Kesepian
USR01403,18,Male,YouTube,6.2,9.4,1.3,4.7,5.7,5.7,6.2,High,<18,<6 jam,3,Kesepian Ringan
USR01404,41,Female,Instagram,6.5,4.2,3.2,1.9,7.5,7.5,8.1,Low,36-45,6-8 jam,1,Tidak Kesepian
USR01405,24,Female,Snapchat,5.7,6.3,4.4,6.4,4.4,6.0,5.7,Severe,18-25,<6 jam,4,Kesepian Sedang
USR01406,37,Female,Snapchat,8.0,6.5,5.8,7.2,1.3,4.9,4.8,Severe,36-45,<6 jam,4,Kesepian Sedang
USR01407,21,Non-binary,Instagram,1.7,0.0,3.1,2.3,3.5,8.1,7.8,Low,18-25,>8 jam,1,Tidak Kesepian
USR01408,44,Female,Facebook,4.3,1.4,0.3,9.6,8.1,7.4,7.0,Low,36-45,6-8 jam,1,Sangat Kesepian
USR01409,41,Female,TikTok,2.5,8.0,3.6,4.9,6.1,4.9,7.2,Low,36-45,<6 jam,1,Kesepian Ringan
USR01410,36,Male,Snapchat,6.4,7.2,0.5,4.0,2.5,5.2,4.9,Severe,36-45,<6 jam,4,Kesepian Ringan
USR01411,24,Female,Instagram,5.1,4.0,1.2,1.4,2.9,6.0,5.8,High,18-25,<6 jam,3,Tidak Kesepian
USR01412,42,Female,Twitter/X,8.1,3.4,5.6,7.2,3.3,8.4,6.0,High,36-45,>8 jam,3,Kesepian Sedang
USR01413,17,Female,Instagram,4.9,7.8,4.2,3.9,6.7,8.6,4.7,Severe,<18,>8 jam,4,Kesepian Ringan
USR01414,22,Male,TikTok,4.2,1.8,4.5,3.8,4.6,9.6,3.9,Severe,18-25,>8 jam,4,Kesepian Ringan
USR01415,38,Female,Facebook,4.2,4.4,3.4,3.7,4.0,6.7,5.3,High,36-45,6-8 jam,3,Kesepian Ringan
USR01416,37,Male,Instagram,2.9,3.9,1.6,5.1,7.8,4.6,6.9,Low,36-45,<6 jam,1,Kesepian Sedang
USR01417,26,Female,TikTok,0.5,4.5,4.4,4.6,6.8,8.2,7.4,Low,26-35,>8 jam,1,Kesepian Ringan
USR01418,18,Male,Snapchat,4.5,6.1,7.4,8.1,3.7,9.0,6.3,Moderate,<18,>8 jam,2,Sangat Kesepian
USR01419,29,Male,Twitter/X,3.6,6.9,7.4,6.1,5.9,3.7,6.2,Moderate,26-35,<6 jam,2,Kesepian Sedang
USR01420,33,Male,TikTok,3.6,8.0,7.4,5.0,5.8,5.6,3.2,Severe,26-35,<6 jam,4,Kesepian Ringan
USR01421,15,Female,Instagram,2.1,6.0,7.2,3.3,5.6,8.2,6.7,Moderate,<18,>8 jam,2,Kesepian Ringan
USR01422,30,Non-binary,Instagram,4.7,4.9,7.1,0.2,6.7,8.5,5.7,High,26-35,>8 jam,3,Tidak Kesepian
USR01423,43,Male,Instagram,2.3,9.5,5.5,5.2,6.9,5.8,6.7,Moderate,36-45,<6 jam,2,Kesepian Sedang
USR01424,27,Male,YouTube,5.1,7.1,4.3,4.2,4.0,7.4,7.6,Low,26-35,6-8 jam,1,Kesepian Ringan
USR01425,25,Male,Twitter/X,4.0,5.8,2.5,1.0,8.6,7.3,6.0,High,18-25,6-8 jam,3,Tidak Kesepian
USR01426,19,Male,Instagram,3.8,1.7,7.3,4.2,4.9,7.1,5.4,Severe,18-25,6-8 jam,4,Kesepian Ringan
USR01427,30,Male,Instagram,1.1,3.7,6.7,7.6,7.8,5.1,7.1,Low,26-35,<6 jam,1,Sangat Kesepian
USR01428,30,Female,YouTube,5.2,0.2,7.1,2.3,3.1,5.6,7.9,Low,26-35,<6 jam,1,Tidak Kesepian
USR01429,26,Male,Facebook,6.4,7.4,5.3,2.4,7.2,7.3,5.7,High,26-35,6-8 jam,3,Tidak Kesepian
USR01430,24,Non-binary,TikTok,4.2,5.7,4.7,7.7,6.7,6.7,3.4,Severe,18-25,6-8 jam,4,Sangat Kesepian
USR01431,18,Male,Facebook,3.3,2.4,2.0,4.0,7.8,4.0,7.2,Low,<18,<6 jam,1,Kesepian Ringan
USR01432,31,Female,Instagram,5.9,2.6,1.4,2.2,7.3,6.2,5.1,High,26-35,6-8 jam,3,Tidak Kesepian
USR01433,32,Male,Facebook,6.2,6.4,5.6,5.2,6.3,7.1,8.9,Low,26-35,6-8 jam,1,Kesepian Sedang
USR01434,15,Non-binary,YouTube,3.6,4.2,1.7,5.0,8.3,9.1,6.6,Moderate,<18,>8 jam,2,Kesepian Ringan
USR01435,27,Male,YouTube,10.5,3.9,4.0,4.7,6.4,7.8,7.7,Moderate,26-35,,2,Kesepian Ringan
USR01436,29,Female,YouTube,7.2,2.1,4.6,3.4,6.9,6.5,8.2,Low,26-35,6-8 jam,1,Kesepian Ringan
USR01437,26,Male,TikTok,7.8,3.2,5.4,4.1,8.8,4.3,8.7,Low,26-35,<6 jam,1,Kesepian Ringan
USR01438,44,Male,Instagram,5.4,6.5,5.9,5.4,7.5,4.7,7.1,Moderate,36-45,<6 jam,2,Kesepian Sedang
USR01439,18,Male,Instagram,5.4,4.9,3.0,4.8,6.2,6.6,7.3,Low,<18,6-8 jam,1,Kesepian Ringan
USR01440,33,Male,Instagram,2.4,5.9,4.9,6.7,3.7,5.1,7.4,Low,26-35,<6 jam,1,Kesepian Sedang
USR01441,31,Male,Instagram,4.0,3.8,3.7,2.8,4.7,4.9,5.7,Moderate,26-35,<6 jam,2,Kesepian Ringan
USR01442,28,Female,YouTube,4.6,0.0,5.6,3.0,7.2,7.0,8.0,Low,26-35,6-8 jam,1,Kesepian Ringan
USR01443,36,Female,Snapchat,6.0,3.6,2.9,6.2,5.8,7.2,3.9,Severe,36-45,,4,Kesepian Sedang
USR01444,39,Male,Instagram,3.4,2.9,7.2,4.6,2.9,7.3,7.7,Moderate,36-45,6-8 jam,2,Kesepian Ringan
USR01445,34,Female,Instagram,2.7,4.3,1.4,4.4,4.3,4.8,6.4,Moderate,26-35,<6 jam,2,Kesepian Ringan
USR01446,40,Male,Twitter/X,7.1,8.5,3.3,1.5,2.7,8.1,6.8,Moderate,36-45,>8 jam,2,Tidak Kesepian
USR01447,17,Female,Instagram,4.8,9.2,2.9,0.1,3.1,6.5,5.8,Moderate,<18,6-8 jam,2,Tidak Kesepian
USR01448,35,Female,YouTube,6.6,7.7,2.6,6.2,6.4,9.3,4.4,Severe,26-35,>8 jam,4,Kesepian Sedang
USR01449,25,Female,Snapchat,4.8,5.4,5.8,5.6,6.8,8.1,4.4,Severe,18-25,>8 jam,4,Kesepian Sedang
USR01450,42,Male,YouTube,3.2,3.9,3.5,4.9,4.9,8.4,7.6,Moderate,36-45,>8 jam,2,Kesepian Ringan
USR01451,40,Male,YouTube,4.5,5.2,5.0,8.3,6.2,8.3,5.7,High,36-45,>8 jam,3,Sangat Kesepian
USR01452,36,Male,Facebook,0.5,1.4,6.1,3.8,7.4,4.2,8.6,Low,36-45,<6 jam,1,Kesepian Ringan
USR01453,32,Male,Instagram,6.7,7.6,3.8,2.4,6.6,7.3,6.6,Moderate,26-35,6-8 jam,2,Tidak Kesepian
USR01454,22,Female,Snapchat,5.7,6.4,5.8,2.3,8.6,8.2,3.0,Severe,18-25,>8 jam,4,Tidak Kesepian
USR01455,37,Non-binary,TikTok,7.1,2.4,3.6,4.7,4.3,3.7,4.9,Severe,36-45,<6 jam,4,Kesepian Ringan
USR01456,21,Male,Snapchat,4.0,4.3,5.4,5.0,5.9,6.6,8.9,Low,18-25,6-8 jam,1,Kesepian Ringan
USR01457,30,Female,Twitter/X,8.8,2.0,3.5,6.8,2.9,5.0,4.2,Severe,26-35,<6 jam,4,Kesepian Sedang
USR01458,43,Male,YouTube,7.2,5.1,4.4,4.1,5.8,6.6,6.3,Moderate,36-45,6-8 jam,2,Kesepian Ringan
USR01459,42,Non-binary,TikTok,0.7,0.3,3.2,2.7,4.1,7.6,7.2,Low,36-45,6-8 jam,1,Kesepian Ringan
USR01460,18,Male,Instagram,0.7,7.2,8.0,4.8,6.6,5.6,7.3,Low,<18,<6 jam,1,Kesepian Ringan
USR01461,28,Male,Snapchat,5.1,4.0,2.4,6.4,4.5,5.2,6.2,Moderate,26-35,<6 jam,2,Kesepian Sedang
USR01462,24,Male,Instagram,1.5,5.2,0.4,7.8,4.6,3.0,6.4,Moderate,18-25,<6 jam,2,Sangat Kesepian
USR01463,40,Male,YouTube,4.2,6.3,9.6,0.0,4.7,7.0,4.7,Severe,36-45,6-8 jam,4,
USR01464,29,Male,Facebook,4.1,4.2,0.7,3.7,6.4,3.4,8.0,Low,26-35,<6 jam,1,Kesepian Ringan
USR01465,28,Non-binary,Instagram,3.8,4.6,1.7,3.4,3.5,7.0,7.6,Low,26-35,6-8 jam,1,Kesepian Ringan
USR01466,24,Male,Facebook,7.8,6.1,2.8,6.6,5.7,9.0,4.4,Severe,18-25,>8 jam,4,Kesepian Sedang
USR01467,23,Male,Snapchat,5.8,6.7,4.1,3.6,5.5,7.4,6.8,Moderate,18-25,6-8 jam,2,Kesepian Ringan
USR01468,23,Female,YouTube,5.9,7.7,6.3,4.5,5.3,5.0,5.8,High,18-25,<6 jam,3,Kesepian Ringan
USR01469,21,Female,Facebook,5.0,1.7,3.7,5.4,4.6,5.1,7.5,Low,18-25,<6 jam,1,Kesepian Sedang
USR01470,35,Male,Instagram,11.0,9.9,2.1,7.2,7.7,8.8,4.7,Severe,26-35,>8 jam,4,Kesepian Sedang
USR01471,22,Non-binary,Instagram,7.4,7.5,4.2,4.1,6.5,5.0,4.9,Severe,18-25,<6 jam,4,Kesepian Ringan
USR01472,35,Male,YouTube,3.0,5.2,2.8,5.2,5.7,6.4,5.1,Severe,26-35,6-8 jam,4,Kesepian Sedang
USR01473,23,Female,YouTube,5.7,9.3,2.7,5.2,6.2,6.9,4.8,Severe,18-25,6-8 jam,4,Kesepian Sedang
USR01474,31,Male,Facebook,2.9,7.1,3.6,7.0,9.5,5.5,7.3,Moderate,26-35,<6 jam,2,Kesepian Sedang
USR01475,15,Female,YouTube,4.1,3.3,4.6,4.4,5.6,6.8,8.1,Low,<18,6-8 jam,1,Kesepian Ringan
USR01476,40,Non-binary,Instagram,4.3,6.3,8.9,3.8,7.7,7.8,5.3,Severe,36-45,6-8 jam,4,Kesepian Ringan
USR01477,18,Female,Instagram,1.5,1.1,0.0,3.1,6.5,6.7,8.2,Low,<18,6-8 jam,1,Kesepian Ringan
USR01478,36,Male,TikTok,0.5,3.3,7.8,3.7,5.7,6.9,8.9,Low,36-45,6-8 jam,1,Kesepian Ringan
USR01479,20,Female,TikTok,1.9,1.5,7.2,6.9,5.0,7.7,6.5,Low,18-25,6-8 jam,1,Kesepian Sedang
USR01480,38,Female,Snapchat,5.7,3.8,2.8,6.1,4.3,5.7,6.2,Moderate,36-45,<6 jam,2,Kesepian Sedang
USR01481,16,Male,Twitter/X,0.5,4.7,4.9,7.5,6.8,3.9,6.0,High,<18,<6 jam,3,Kesepian Sedang
USR01482,23,Female,Snapchat,5.8,5.0,2.6,6.2,6.8,4.8,7.6,Low,18-25,,1,Kesepian Sedang
USR01483,44,Male,YouTube,0.5,6.4,6.0,6.4,6.2,5.6,7.6,Low,36-45,<6 jam,1,Kesepian Sedang
USR01484,28,Female,TikTok,2.8,7.9,3.1,5.3,5.6,5.6,5.5,Severe,26-35,<6 jam,4,Kesepian Sedang
USR01485,30,Male,Instagram,3.3,5.0,2.7,3.2,3.2,5.8,5.5,High,26-35,<6 jam,3,Kesepian Ringan
USR01486,39,Male,TikTok,6.1,6.8,3.9,6.3,4.8,6.8,5.3,High,36-45,6-8 jam,3,Kesepian Sedang
USR01487,29,Female,Instagram,4.5,4.4,0.0,4.8,5.8,4.2,4.8,Severe,26-35,<6 jam,4,Kesepian Ringan
USR01488,31,Male,TikTok,2.1,5.8,9.5,5.8,4.8,7.6,8.5,Low,26-35,6-8 jam,1,Kesepian Sedang
USR01489,22,Female,Facebook,3.2,6.2,5.8,4.5,7.2,5.9,6.2,Moderate,18-25,<6 jam,2,Kesepian Ringan
USR01490,26,Female,Snapchat,5.0,6.3,6.7,6.0,8.4,5.5,7.3,Low,26-35,<6 jam,1,Kesepian Sedang
USR01491,31,Female,Twitter/X,6.9,3.1,4.3,6.0,2.2,5.6,5.9,High,26-35,<6 jam,3,Kesepian Sedang
USR01492,21,Non-binary,Instagram,5.1,5.4,7.1,3.2,4.7,6.5,9.3,Low,18-25,6-8 jam,1,Kesepian Ringan
USR01493,44,Male,Instagram,4.3,7.3,5.4,7.3,7.1,5.6,6.9,Moderate,36-45,<6 jam,2,Kesepian Sedang
USR01494,16,Male,YouTube,3.9,5.5,1.6,3.4,5.8,7.9,7.4,Moderate,<18,6-8 jam,2,Kesepian Ringan
USR01495,27,Female,Instagram,7.9,3.6,4.3,4.9,8.1,4.9,6.8,Moderate,26-35,<6 jam,2,Kesepian Ringan
USR01496,40,Male,TikTok,2.7,6.2,5.4,3.3,8.5,6.7,6.5,High,36-45,6-8 jam,3,Kesepian Ringan
USR01497,23,Non-binary,YouTube,3.5,2.7,3.8,4.2,7.2,6.9,6.4,Moderate,18-25,6-8 jam,2,Kesepian Ringan
USR01498,39,Female,Instagram,5.3,8.4,2.3,0.4,5.1,5.6,4.7,Severe,36-45,,4,Tidak Kesepian
USR01499,26,Female,Twitter/X,7.3,5.8,8.8,7.5,6.4,4.2,6.4,High,26-35,<6 jam,3,Kesepian Sedang
USR01500,16,Female,TikTok,0.7,2.8,2.0,5.9,5.3,7.2,6.1,Moderate,<18,6-8 jam,2,Kesepian Sedang
